accident_id;day;month;year;time;lighting;department;municipality;urban_location;intersection;weather;collision_type;address;latitude;longitude;vehicle_id_x;vehicle_num_x;travel_direction;vehicle_category;fixed_obstacle;mobile_obstacle;initial_impact;maneuver;motor_type;passenger_count;road_category;road_name;road_num_index;road_letter_index;traffic_direction;lane_count;reserved_lane;road_profile;reference_point;distance_to_ref;road_layout;central_reservation_width;road_width;surface_condition;infrastructure;accident_location;speed_limit;user_id;vehicle_id_y;vehicle_num_y;user_position;user_category;injury_severity;gender;birth_year;trip_purpose;safety_equipment_1;safety_equipment_2;safety_equipment_3;pedestrian_location;pedestrian_action;pedestrian_state
202300000025;;;;;;;;;;;;;;;155 680 514;A01;0;;Sans objet;Aucun;0;2;1;;Route Départementale;137;0;R;2;2;0;1;5;800;1;;5,5;Normale;Aucun;1;50;203 851 119;155 680 513;C01;1;Conducteur;Blessé léger;Masculin;1955;5;0; -1; -1;0;0; -1
202300000025;;;;;;;;;;;;;;;155 680 514;A01;0;;Sans objet;Aucun;0;2;1;;Route Départementale;137;0;R;2;2;0;1;5;800;1;;5,5;Normale;Aucun;1;50;203 851 120;155 680 514;A01;1;Conducteur;Indemne;Masculin;1998;3;1; -1; -1;0;0; -1
202300000026;;;;;;;;;;;;;;;155 680 511;A01;1;;Sans objet;Véhicule;2;17;1;;Route Départementale;768; -1;;2;2;0;1;6;560;1;;7;Normale;Aucun;1;50;203 851 117;155 680 511;A01;1;Conducteur;Indemne;Féminin;1969;5;1; -1; -1;0;0; -1
202300000026;;;;;;;;;;;;;;;155 680 511;A01;1;;Sans objet;Véhicule;2;17;1;;Route Départementale;768; -1;;2;2;0;1;6;560;1;;7;Normale;Aucun;1;50;203 851 118;155 680 512;B01;1;Conducteur;Blessé léger;Féminin;1962;5;0; -1; -1;0;0; -1
202300000026;;;;;;;;;;;;;;;155 680 512;B01;1;;Sans objet;Véhicule;0;1;3;;Route Départementale;768; -1;;2;2;0;1;6;560;1;;7;Normale;Aucun;1;50;203 851 117;155 680 511;A01;1;Conducteur;Indemne;Féminin;1969;5;1; -1; -1;0;0; -1
202300000026;;;;;;;;;;;;;;;155 680 512;B01;1;;Sans objet;Véhicule;0;1;3;;Route Départementale;768; -1;;2;2;0;1;6;560;1;;7;Normale;Aucun;1;50;203 851 118;155 680 512;B01;1;Conducteur;Blessé léger;Féminin;1962;5;0; -1; -1;0;0; -1
202300000027;;;;;;;;;;;;;;;155 680 510;A01;1;;;Aucun;2;1;1;;Route nationale;30;0;;3;2;0;1;0;1;1;; -1;Normale;;1;70;203 851 116;155 680 510;A01;1;Conducteur;Blessé léger;Masculin;1963;1;2; -1; -1;0;0; -1
202300000028;;;;;;;;;;;;;;;155 680 508;A01;2;;Sans objet;Aucun;6;23;1;;Route Départementale;D813; -1;;2;2;0;1;55;700;1;; -1;Normale;Aucun;1;50;203 851 114;155 680 508;A01;1;Conducteur;Blessé léger;Masculin;1946;5;1; -1; -1;0;0; -1
202300000028;;;;;;;;;;;;;;;155 680 508;A01;2;;Sans objet;Aucun;6;23;1;;Route Départementale;D813; -1;;2;2;0;1;55;700;1;; -1;Normale;Aucun;1;50;203 851 115;155 680 509;B01;1;Conducteur;Blessé hospitalisé;Masculin;1973;5;2;6; -1;0;0; -1
202300000028;;;;;;;;;;;;;;;155 680 509;B01;2;;Véhicule en stationnement;Aucun;2;1;1;;Route Départementale;D813; -1;;2;2;0;1;55;700;1;; -1;Normale;Aucun;1;50;203 851 114;155 680 508;A01;1;Conducteur;Blessé léger;Masculin;1946;5;1; -1; -1;0;0; -1
202300000028;;;;;;;;;;;;;;;155 680 509;B01;2;;Véhicule en stationnement;Aucun;2;1;1;;Route Départementale;D813; -1;;2;2;0;1;55;700;1;; -1;Normale;Aucun;1;50;203 851 115;155 680 509;B01;1;Conducteur;Blessé hospitalisé;Masculin;1973;5;2;6; -1;0;0; -1
202300000029;;;;;;;;;;;;;;;155 680 506;B01;2;VU seul;Sans objet;Véhicule;6;1;1;;Route Départementale;3;0;;2;2;0;1;10;42;2;;6;Normale;Aucun;1;80;203 851 112;155 680 506;B01;1;Conducteur;Indemne;Masculin;1987;4;1; -1; -1;0;0; -1
202300000029;;;;;;;;;;;;;;;155 680 506;B01;2;VU seul;Sans objet;Véhicule;6;1;1;;Route Départementale;3;0;;2;2;0;1;10;42;2;;6;Normale;Aucun;1;80;203 851 113;155 680 507;A01;1;Conducteur;Blessé hospitalisé;Masculin;1947;5;2;6;9;0;0; -1
202300000029;;;;;;;;;;;;;;;155 680 507;A01;1;;;Véhicule;3;13;1;;Route Départementale;3;0;;2;2;0;1;10;42;2;;6;Normale;Aucun;1;80;203 851 112;155 680 506;B01;1;Conducteur;Indemne;Masculin;1987;4;1; -1; -1;0;0; -1
202300000029;;;;;;;;;;;;;;;155 680 507;A01;1;;;Véhicule;3;13;1;;Route Départementale;3;0;;2;2;0;1;10;42;2;;6;Normale;Aucun;1;80;203 851 113;155 680 507;A01;1;Conducteur;Blessé hospitalisé;Masculin;1947;5;2;6;9;0;0; -1
202300000030;;;;;;;;;;;;;;;155 680 504;A01;1;;Sans objet;Véhicule;1;13;1;;Route Départementale;2089; -1;D;2;2;0;1; -1; -1;1;; -1;Normale;;1;50;203 851 109;155 680 504;A01;1;Conducteur;Blessé hospitalisé;Féminin;1942;3;1; -1; -1;0;0; -1
202300000030;;;;;;;;;;;;;;;155 680 504;A01;1;;Sans objet;Véhicule;1;13;1;;Route Départementale;2089; -1;D;2;2;0;1; -1; -1;1;; -1;Normale;;1;50;203 851 110;155 680 505;B01;1;Conducteur;Indemne;Féminin;1987;3;1; -1; -1;0;0; -1
202300000030;;;;;;;;;;;;;;;155 680 504;A01;1;;Sans objet;Véhicule;1;13;1;;Route Départementale;2089; -1;D;2;2;0;1; -1; -1;1;; -1;Normale;;1;50;203 851 111;155 680 505;B01;2;Passager;Indemne;Féminin;2003;3;1; -1; -1;0;0; -1
202300000030;;;;;;;;;;;;;;;155 680 505;B01;2;;Sans objet;Véhicule;1;1;0;;Route Départementale;2089; -1;D;2;2;0;1; -1; -1;1;; -1;Normale;;1;50;203 851 109;155 680 504;A01;1;Conducteur;Blessé hospitalisé;Féminin;1942;3;1; -1; -1;0;0; -1
202300000030;;;;;;;;;;;;;;;155 680 505;B01;2;;Sans objet;Véhicule;1;1;0;;Route Départementale;2089; -1;D;2;2;0;1; -1; -1;1;; -1;Normale;;1;50;203 851 110;155 680 505;B01;1;Conducteur;Indemne;Féminin;1987;3;1; -1; -1;0;0; -1
202300000030;;;;;;;;;;;;;;;155 680 505;B01;2;;Sans objet;Véhicule;1;1;0;;Route Départementale;2089; -1;D;2;2;0;1; -1; -1;1;; -1;Normale;;1;50;203 851 111;155 680 505;B01;2;Passager;Indemne;Féminin;2003;3;1; -1; -1;0;0; -1
202300000031;;;;;;;;;;;;;;;155 680 503;A01;2;;;Aucun;1;0;1;;Route Départementale;655; -1;;2;2;0;1;12;120;1;;7;Normale;Aucun;3;80;203 851 105;155 680 503;A01;2;Passager;Blessé hospitalisé;Masculin;1988;5;8; -1; -1;0;0; -1
202300000031;;;;;;;;;;;;;;;155 680 503;A01;2;;;Aucun;1;0;1;;Route Départementale;655; -1;;2;2;0;1;12;120;1;;7;Normale;Aucun;3;80;203 851 106;155 680 503;A01;1;Conducteur;Blessé hospitalisé;Masculin;1988;5;8; -1; -1;0;0; -1
202300000031;;;;;;;;;;;;;;;155 680 503;A01;2;;;Aucun;1;0;1;;Route Départementale;655; -1;;2;2;0;1;12;120;1;;7;Normale;Aucun;3;80;203 851 107;155 680 503;A01;7;Passager;Blessé hospitalisé;Masculin;1980;5;8; -1; -1;0;0; -1
202300000031;;;;;;;;;;;;;;;155 680 503;A01;2;;;Aucun;1;0;1;;Route Départementale;655; -1;;2;2;0;1;12;120;1;;7;Normale;Aucun;3;80;203 851 108;155 680 503;A01;9;Passager;Blessé léger;Masculin;1989;5;8; -1; -1;0;0; -1
202300000032;;;;;;;;;;;;;;;155 680 502;A01;1;;Sans objet;Aucun;0;0;1;;Route Départementale;472; -1;D;2;2;0;2;14;200;1;;7;Normale;Aucun;3;90;203 851 104;155 680 502;A01;1;Conducteur;Blessé hospitalisé;Masculin;1997;5;2;6; -1;0;0; -1
202300000033;;;;;;;;;;;;;;;155 680 500;B01;1;;Sans objet;Véhicule;0;2;5;;Voie Communale;712; -1;;2;2;0;2; -1; -1;1;;7;Normale;Aucun;1;30;203 851 102;155 680 500;B01;1;Conducteur;Blessé léger;Masculin;2009;5;0; -1; -1;0;0; -1
202300000033;;;;;;;;;;;;;;;155 680 500;B01;1;;Sans objet;Véhicule;0;2;5;;Voie Communale;712; -1;;2;2;0;2; -1; -1;1;;7;Normale;Aucun;1;30;203 851 103;155 680 501;A01;1;Conducteur;Blessé hospitalisé;Masculin;2003;5;0; -1; -1;0;0; -1
202300000033;;;;;;;;;;;;;;;155 680 501;A01;1;;Sans objet;Véhicule;0;26;5;;Voie Communale;712; -1;;2;2;0;2; -1; -1;1;;7;Normale;Aucun;1;30;203 851 102;155 680 500;B01;1;Conducteur;Blessé léger;Masculin;2009;5;0; -1; -1;0;0; -1
202300000033;;;;;;;;;;;;;;;155 680 501;A01;1;;Sans objet;Véhicule;0;26;5;;Voie Communale;712; -1;;2;2;0;2; -1; -1;1;;7;Normale;Aucun;1;30;203 851 103;155 680 501;A01;1;Conducteur;Blessé hospitalisé;Masculin;2003;5;0; -1; -1;0;0; -1
202300000034;;;;;;;;;;;;;;;155 680 498;B01;3;;Sans objet;Véhicule;1;1;1;;Voie Communale;; -1;;2;2;0;1; -1; -1;1;; -1;Mouillée;Aucun;1;70;203 851 097;155 680 498;B01;1;Conducteur;Indemne;Masculin;2004;5;1; -1; -1;0;0; -1
202300000034;;;;;;;;;;;;;;;155 680 498;B01;3;;Sans objet;Véhicule;1;1;1;;Voie Communale;; -1;;2;2;0;1; -1; -1;1;; -1;Mouillée;Aucun;1;70;203 851 098;155 680 498;B01;9;Passager;Blessé hospitalisé;Masculin;2004;5;1; -1; -1;0;0; -1
202300000034;;;;;;;;;;;;;;;155 680 498;B01;3;;Sans objet;Véhicule;1;1;1;;Voie Communale;; -1;;2;2;0;1; -1; -1;1;; -1;Mouillée;Aucun;1;70;203 851 099;155 680 498;B01;2;Passager;Blessé hospitalisé;Féminin;2004;5;1; -1; -1;0;0; -1
202300000034;;;;;;;;;;;;;;;155 680 498;B01;3;;Sans objet;Véhicule;1;1;1;;Voie Communale;; -1;;2;2;0;1; -1; -1;1;; -1;Mouillée;Aucun;1;70;203 851 100;155 680 499;A01;1;Conducteur;Indemne;Masculin;1964;5;1; -1; -1;0;0; -1
202300000034;;;;;;;;;;;;;;;155 680 498;B01;3;;Sans objet;Véhicule;1;1;1;;Voie Communale;; -1;;2;2;0;1; -1; -1;1;; -1;Mouillée;Aucun;1;70;203 851 101;155 680 499;A01;2;Passager;Blessé hospitalisé;Masculin;2010;5;1; -1; -1;0;0; -1
202300000034;;;;;;;;;;;;;;;155 680 499;A01;3;;Sans objet;Véhicule;3;1;1;;Voie Communale;; -1;;2;2;0;1; -1; -1;1;; -1;Mouillée;Aucun;1;70;203 851 097;155 680 498;B01;1;Conducteur;Indemne;Masculin;2004;5;1; -1; -1;0;0; -1
202300000034;;;;;;;;;;;;;;;155 680 499;A01;3;;Sans objet;Véhicule;3;1;1;;Voie Communale;; -1;;2;2;0;1; -1; -1;1;; -1;Mouillée;Aucun;1;70;203 851 098;155 680 498;B01;9;Passager;Blessé hospitalisé;Masculin;2004;5;1; -1; -1;0;0; -1
202300000034;;;;;;;;;;;;;;;155 680 499;A01;3;;Sans objet;Véhicule;3;1;1;;Voie Communale;; -1;;2;2;0;1; -1; -1;1;; -1;Mouillée;Aucun;1;70;203 851 099;155 680 498;B01;2;Passager;Blessé hospitalisé;Féminin;2004;5;1; -1; -1;0;0; -1
202300000034;;;;;;;;;;;;;;;155 680 499;A01;3;;Sans objet;Véhicule;3;1;1;;Voie Communale;; -1;;2;2;0;1; -1; -1;1;; -1;Mouillée;Aucun;1;70;203 851 100;155 680 499;A01;1;Conducteur;Indemne;Masculin;1964;5;1; -1; -1;0;0; -1
202300000034;;;;;;;;;;;;;;;155 680 499;A01;3;;Sans objet;Véhicule;3;1;1;;Voie Communale;; -1;;2;2;0;1; -1; -1;1;; -1;Mouillée;Aucun;1;70;203 851 101;155 680 499;A01;2;Passager;Blessé hospitalisé;Masculin;2010;5;1; -1; -1;0;0; -1
202300000035;;;;;;;;;;;;;;;155 680 496;A01;1;;Sans objet;Véhicule;4;15;1;;Route Départementale;44;0;;2;2;0;1;4; -1;1;;10;Mouillée;Aucun;1;70;203 851 095;155 680 496;A01;1;Conducteur;Blessé léger;Masculin;1979;0;1; -1; -1;0;0; -1
202300000035;;;;;;;;;;;;;;;155 680 496;A01;1;;Sans objet;Véhicule;4;15;1;;Route Départementale;44;0;;2;2;0;1;4; -1;1;;10;Mouillée;Aucun;1;70;203 851 096;155 680 497;B01;1;Conducteur;Blessé léger;Féminin;1998;9;1;5; -1;0;0; -1
202300000035;;;;;;;;;;;;;;;155 680 497;B01;1;;Sans objet;Véhicule;1;1;1;;Route Départementale;44;0;;2;2;0;1;4; -1;1;;10;Mouillée;Aucun;1;70;203 851 095;155 680 496;A01;1;Conducteur;Blessé léger;Masculin;1979;0;1; -1; -1;0;0; -1
202300000035;;;;;;;;;;;;;;;155 680 497;B01;1;;Sans objet;Véhicule;1;1;1;;Route Départementale;44;0;;2;2;0;1;4; -1;1;;10;Mouillée;Aucun;1;70;203 851 096;155 680 497;B01;1;Conducteur;Blessé léger;Féminin;1998;9;1;5; -1;0;0; -1
202300000036;;;;;;;;;;;;;;;155 680 495;A01;1;;Arbre;Aucun;0;1;1;;Route Départementale;64;0;;2;2;0;1;7;500;1;;5,5;Normale;Aucun;3;80;203 851 093;155 680 495;A01;2;Passager;Blessé hospitalisé;Féminin;1998;5;2;6; -1;0;0; -1
202300000036;;;;;;;;;;;;;;;155 680 495;A01;1;;Arbre;Aucun;0;1;1;;Route Départementale;64;0;;2;2;0;1;7;500;1;;5,5;Normale;Aucun;3;80;203 851 094;155 680 495;A01;1;Conducteur;Indemne;Masculin;1993;5;2;6; -1;0;0; -1
202300000037;;;;;;;;;;;;;;;155 680 494;A01;3;;Sans objet;Aucun;7;1;1;;Voie Communale;;0;;2;2;0;2; -1; -1;2;; -1;Mouillée;Aucun;1;80;203 851 092;155 680 494;A01;1;Conducteur;Blessé léger;Masculin;1986;5;2;6; -1;0;0; -1
202300000038;;;;;;;;;;;;;;;155 680 493;A01;1;;;Aucun;2;6;1;;Route Départementale;940;0;;3;3;0;1;6;598;1;;3;Normale;Aucun;3;90;203 851 091;155 680 493;A01;1;Conducteur;Blessé hospitalisé;Masculin;1993;9;0; -1; -1;0;0; -1
202300000039;;;;;;;;;;;;;;;155 680 491;B01;1;;;Véhicule;8;1;1;;Route Départementale;933; -1;;2;2;0;2;78;500;3;;7;Normale;Aucun;1;80;203 851 085;155 680 491;B01;2;Passager;Blessé hospitalisé;Féminin;1962;5;2;6; -1;0;0; -1
202300000039;;;;;;;;;;;;;;;155 680 491;B01;1;;;Véhicule;8;1;1;;Route Départementale;933; -1;;2;2;0;2;78;500;3;;7;Normale;Aucun;1;80;203 851 086;155 680 491;B01;1;Conducteur;Blessé hospitalisé;Masculin;1957;5;2;6; -1;0;0; -1
202300000039;;;;;;;;;;;;;;;155 680 491;B01;1;;;Véhicule;8;1;1;;Route Départementale;933; -1;;2;2;0;2;78;500;3;;7;Normale;Aucun;1;80;203 851 087;155 680 492;A01;2;Passager;Indemne;Féminin;2004;5;1; -1; -1;0;0; -1
202300000039;;;;;;;;;;;;;;;155 680 491;B01;1;;;Véhicule;8;1;1;;Route Départementale;933; -1;;2;2;0;2;78;500;3;;7;Normale;Aucun;1;80;203 851 088;155 680 492;A01;1;Conducteur;Indemne;Masculin;2002;5;1; -1; -1;0;0; -1
202300000039;;;;;;;;;;;;;;;155 680 491;B01;1;;;Véhicule;8;1;1;;Route Départementale;933; -1;;2;2;0;2;78;500;3;;7;Normale;Aucun;1;80;203 851 089;155 680 492;A01;3;Passager;Indemne;Féminin;1997;5;1; -1; -1;0;0; -1
202300000039;;;;;;;;;;;;;;;155 680 491;B01;1;;;Véhicule;8;1;1;;Route Départementale;933; -1;;2;2;0;2;78;500;3;;7;Normale;Aucun;1;80;203 851 090;155 680 492;A01;4;Passager;Blessé léger;Masculin;2003;5;1; -1; -1;0;0; -1
202300000039;;;;;;;;;;;;;;;155 680 492;A01;2;;Sans objet;Véhicule;8;1;1;;Route Départementale;933; -1;;2;2;0;2;78;500;3;;7;Normale;Aucun;1;80;203 851 085;155 680 491;B01;2;Passager;Blessé hospitalisé;Féminin;1962;5;2;6; -1;0;0; -1
202300000039;;;;;;;;;;;;;;;155 680 492;A01;2;;Sans objet;Véhicule;8;1;1;;Route Départementale;933; -1;;2;2;0;2;78;500;3;;7;Normale;Aucun;1;80;203 851 086;155 680 491;B01;1;Conducteur;Blessé hospitalisé;Masculin;1957;5;2;6; -1;0;0; -1
202300000039;;;;;;;;;;;;;;;155 680 492;A01;2;;Sans objet;Véhicule;8;1;1;;Route Départementale;933; -1;;2;2;0;2;78;500;3;;7;Normale;Aucun;1;80;203 851 087;155 680 492;A01;2;Passager;Indemne;Féminin;2004;5;1; -1; -1;0;0; -1
202300000039;;;;;;;;;;;;;;;155 680 492;A01;2;;Sans objet;Véhicule;8;1;1;;Route Départementale;933; -1;;2;2;0;2;78;500;3;;7;Normale;Aucun;1;80;203 851 088;155 680 492;A01;1;Conducteur;Indemne;Masculin;2002;5;1; -1; -1;0;0; -1
202300000039;;;;;;;;;;;;;;;155 680 492;A01;2;;Sans objet;Véhicule;8;1;1;;Route Départementale;933; -1;;2;2;0;2;78;500;3;;7;Normale;Aucun;1;80;203 851 089;155 680 492;A01;3;Passager;Indemne;Féminin;1997;5;1; -1; -1;0;0; -1
202300000039;;;;;;;;;;;;;;;155 680 492;A01;2;;Sans objet;Véhicule;8;1;1;;Route Départementale;933; -1;;2;2;0;2;78;500;3;;7;Normale;Aucun;1;80;203 851 090;155 680 492;A01;4;Passager;Blessé léger;Masculin;2003;5;1; -1; -1;0;0; -1
202300000040;;;;;;;;;;;;;;;155 680 490;A01;2;;;Aucun;2;13;0;;Route Départementale;941;0;D;2;2;0;1;2;800;1;;7;Normale;Aucun;8;50;203 851 084;155 680 490;A01;1;Conducteur;Blessé hospitalisé;Masculin;1961;0;1; -1; -1;0;0; -1
202300000041;;;;;;;;;;;;;;;155 680 488;A01;2;;Sans objet;Véhicule;3;15;1;;Route Départementale;2;0;;2;2;0;2;36;900;3;;5,5;Normale;Aucun;1;90;203 851 082;155 680 488;A01;1;Conducteur;Blessé léger;Féminin;1973;0;1; -1; -1;0;0; -1
202300000041;;;;;;;;;;;;;;;155 680 488;A01;2;;Sans objet;Véhicule;3;15;1;;Route Départementale;2;0;;2;2;0;2;36;900;3;;5,5;Normale;Aucun;1;90;203 851 083;155 680 489;B01;1;Conducteur;Blessé léger;Masculin;1992;0;2;6;9;0;0; -1
202300000041;;;;;;;;;;;;;;;155 680 488;A01;2;;Sans objet;Véhicule;3;15;1;;Route Départementale;; -1;;2; -1; -1;2; -1; -1;2;; -1;Normale;Aucun;1; -1;203 851 082;155 680 488;A01;1;Conducteur;Blessé léger;Féminin;1973;0;1; -1; -1;0;0; -1
202300000041;;;;;;;;;;;;;;;155 680 488;A01;2;;Sans objet;Véhicule;3;15;1;;Route Départementale;; -1;;2; -1; -1;2; -1; -1;2;; -1;Normale;Aucun;1; -1;203 851 083;155 680 489;B01;1;Conducteur;Blessé léger;Masculin;1992;0;2;6;9;0;0; -1
202300000041;;;;;;;;;;;;;;;155 680 489;B01;1;;Sans objet;Véhicule;1;2;1;;Route Départementale;2;0;;2;2;0;2;36;900;3;;5,5;Normale;Aucun;1;90;203 851 082;155 680 488;A01;1;Conducteur;Blessé léger;Féminin;1973;0;1; -1; -1;0;0; -1
202300000041;;;;;;;;;;;;;;;155 680 489;B01;1;;Sans objet;Véhicule;1;2;1;;Route Départementale;2;0;;2;2;0;2;36;900;3;;5,5;Normale;Aucun;1;90;203 851 083;155 680 489;B01;1;Conducteur;Blessé léger;Masculin;1992;0;2;6;9;0;0; -1
202300000041;;;;;;;;;;;;;;;155 680 489;B01;1;;Sans objet;Véhicule;1;2;1;;Route Départementale;; -1;;2; -1; -1;2; -1; -1;2;; -1;Normale;Aucun;1; -1;203 851 082;155 680 488;A01;1;Conducteur;Blessé léger;Féminin;1973;0;1; -1; -1;0;0; -1
202300000041;;;;;;;;;;;;;;;155 680 489;B01;1;;Sans objet;Véhicule;1;2;1;;Route Départementale;; -1;;2; -1; -1;2; -1; -1;2;; -1;Normale;Aucun;1; -1;203 851 083;155 680 489;B01;1;Conducteur;Blessé léger;Masculin;1992;0;2;6;9;0;0; -1
202300000042;;;;;;;;;;;;;;;155 680 487;A01;0;;Sans objet;Piéton;1;2;5;;Voie Communale;vc;0;;2;2;0;1; -1; -1;1;; -1;Normale;Aucun;4;50;203 851 080;155 680 487;A01;1;Conducteur;Indemne;Masculin;2006;5;9; -1; -1;0;0; -1
202300000042;;;;;;;;;;;;;;;155 680 487;A01;0;;Sans objet;Piéton;1;2;5;;Voie Communale;vc;0;;2;2;0;1; -1; -1;1;; -1;Normale;Aucun;4;50;203 851 081;155 680 487;A01;10;Piéton;Blessé hospitalisé;Féminin;1932;5;0; -1; -1;3;1;1
202300000043;;;;;;;;;;;;;;;155 680 485;B01;2;;Sans objet;Véhicule;3;1;1;;Route Départementale;33; -1;;2;2;0;1;25;900;1;;4;Normale;Aucun;1;90;203 851 078;155 680 485;B01;1;Conducteur;Blessé léger;Masculin;2002;5;1; -1; -1;0;0; -1
202300000043;;;;;;;;;;;;;;;155 680 485;B01;2;;Sans objet;Véhicule;3;1;1;;Route Départementale;33; -1;;2;2;0;1;25;900;1;;4;Normale;Aucun;1;90;203 851 079;155 680 486;A01;1;Conducteur;Blessé léger;Féminin;2002;5;1; -1; -1;0;0; -1
202300000043;;;;;;;;;;;;;;;155 680 485;B01;2;;Sans objet;Véhicule;3;1;1;;Route Départementale;56; -1;;2;2;0;1;28;104;1;;4;Normale;Aucun;1;90;203 851 078;155 680 485;B01;1;Conducteur;Blessé léger;Masculin;2002;5;1; -1; -1;0;0; -1
202300000043;;;;;;;;;;;;;;;155 680 485;B01;2;;Sans objet;Véhicule;3;1;1;;Route Départementale;56; -1;;2;2;0;1;28;104;1;;4;Normale;Aucun;1;90;203 851 079;155 680 486;A01;1;Conducteur;Blessé léger;Féminin;2002;5;1; -1; -1;0;0; -1
202300000043;;;;;;;;;;;;;;;155 680 486;A01;1;;Sans objet;Véhicule;1;1;1;;Route Départementale;33; -1;;2;2;0;1;25;900;1;;4;Normale;Aucun;1;90;203 851 078;155 680 485;B01;1;Conducteur;Blessé léger;Masculin;2002;5;1; -1; -1;0;0; -1
202300000043;;;;;;;;;;;;;;;155 680 486;A01;1;;Sans objet;Véhicule;1;1;1;;Route Départementale;33; -1;;2;2;0;1;25;900;1;;4;Normale;Aucun;1;90;203 851 079;155 680 486;A01;1;Conducteur;Blessé léger;Féminin;2002;5;1; -1; -1;0;0; -1
202300000043;;;;;;;;;;;;;;;155 680 486;A01;1;;Sans objet;Véhicule;1;1;1;;Route Départementale;56; -1;;2;2;0;1;28;104;1;;4;Normale;Aucun;1;90;203 851 078;155 680 485;B01;1;Conducteur;Blessé léger;Masculin;2002;5;1; -1; -1;0;0; -1
202300000043;;;;;;;;;;;;;;;155 680 486;A01;1;;Sans objet;Véhicule;1;1;1;;Route Départementale;56; -1;;2;2;0;1;28;104;1;;4;Normale;Aucun;1;90;203 851 079;155 680 486;A01;1;Conducteur;Blessé léger;Féminin;2002;5;1; -1; -1;0;0; -1
202300000044;;;;;;;;;;;;;;;155 680 483;A01;1;;Sans objet;Véhicule;3;15;1;;Route Départementale;D15; -1;;2;2;0;2;42;100;1;;5,5;Normale;Carrefour aménagé;1;50;203 851 076;155 680 483;A01;1;Conducteur;Blessé léger;Masculin;1929;3;1; -1; -1;0;0; -1
202300000044;;;;;;;;;;;;;;;155 680 483;A01;1;;Sans objet;Véhicule;3;15;1;;Route Départementale;D15; -1;;2;2;0;2;42;100;1;;5,5;Normale;Carrefour aménagé;1;50;203 851 077;155 680 484;B01;1;Conducteur;Blessé léger;Masculin;1964;0;2;6; -1;0;0; -1
202300000044;;;;;;;;;;;;;;;155 680 483;A01;1;;Sans objet;Véhicule;3;15;1;;Route Départementale;; -1;; -1; -1; -1;1; -1; -1;1;; -1;;Aucun;1; -1;203 851 076;155 680 483;A01;1;Conducteur;Blessé léger;Masculin;1929;3;1; -1; -1;0;0; -1
202300000044;;;;;;;;;;;;;;;155 680 483;A01;1;;Sans objet;Véhicule;3;15;1;;Route Départementale;; -1;; -1; -1; -1;1; -1; -1;1;; -1;;Aucun;1; -1;203 851 077;155 680 484;B01;1;Conducteur;Blessé léger;Masculin;1964;0;2;6; -1;0;0; -1
202300000044;;;;;;;;;;;;;;;155 680 484;B01;1;;Sans objet;Véhicule;2;1;1;;Route Départementale;D15; -1;;2;2;0;2;42;100;1;;5,5;Normale;Carrefour aménagé;1;50;203 851 076;155 680 483;A01;1;Conducteur;Blessé léger;Masculin;1929;3;1; -1; -1;0;0; -1
202300000044;;;;;;;;;;;;;;;155 680 484;B01;1;;Sans objet;Véhicule;2;1;1;;Route Départementale;D15; -1;;2;2;0;2;42;100;1;;5,5;Normale;Carrefour aménagé;1;50;203 851 077;155 680 484;B01;1;Conducteur;Blessé léger;Masculin;1964;0;2;6; -1;0;0; -1
202300000044;;;;;;;;;;;;;;;155 680 484;B01;1;;Sans objet;Véhicule;2;1;1;;Route Départementale;; -1;; -1; -1; -1;1; -1; -1;1;; -1;;Aucun;1; -1;203 851 076;155 680 483;A01;1;Conducteur;Blessé léger;Masculin;1929;3;1; -1; -1;0;0; -1
202300000044;;;;;;;;;;;;;;;155 680 484;B01;1;;Sans objet;Véhicule;2;1;1;;Route Départementale;; -1;; -1; -1; -1;1; -1; -1;1;; -1;;Aucun;1; -1;203 851 077;155 680 484;B01;1;Conducteur;Blessé léger;Masculin;1964;0;2;6; -1;0;0; -1