accident_id;day;month;year;time;lighting;department;municipality;urban_location;intersection;weather;collision_type;address;latitude;longitude;vehicle_id_x;vehicle_num_x;travel_direction;vehicle_category;fixed_obstacle;mobile_obstacle;initial_impact;maneuver;motor_type;passenger_count;road_category;road_name;road_num_index;road_letter_index;traffic_direction;lane_count;reserved_lane;road_profile;reference_point;distance_to_ref;road_layout;central_reservation_width;road_width;surface_condition;infrastructure;accident_location;speed_limit;user_id;vehicle_id_y;vehicle_num_y;user_position;user_category;injury_severity;gender;birth_year;trip_purpose;safety_equipment_1;safety_equipment_2;safety_equipment_3;pedestrian_location;pedestrian_action;pedestrian_state
202300000068;;;;;;;;;;;;;;;155 680 442;A01;0;;Sans objet;Piéton;3;26;6;1;Voie Communale;157;0;D;2;2;0;1; -1; -1;1;; -1;Normale;Aucun;1;50;203 851 028;155 680 442;A01;10;Piéton;Blessé hospitalisé;Masculin;1947;5;0; -1; -1;2;3;1
202300000069;;;;;;;;;;;;;;;155 680 435;D01;2;;Sans objet;Véhicule;3;1;1;;Autoroute;A55-Sens Martigues vers Marseille;0;;1;2;0;1;17;0;1;;10;Normale;Aucun;1;110;203 851 018;155 680 435;D01;1;Conducteur;Blessé léger;Masculin;1991;5;1;8; -1; -1; -1; -1
202300000069;;;;;;;;;;;;;;;155 680 435;D01;2;;Sans objet;Véhicule;3;1;1;;Autoroute;A55-Sens Martigues vers Marseille;0;;1;2;0;1;17;0;1;;10;Normale;Aucun;1;110;203 851 019;155 680 435;D01;2;Passager;Blessé léger;Masculin;1988;5;1;8; -1; -1; -1; -1
202300000069;;;;;;;;;;;;;;;155 680 435;D01;2;;Sans objet;Véhicule;3;1;1;;Autoroute;A55-Sens Martigues vers Marseille;0;;1;2;0;1;17;0;1;;10;Normale;Aucun;1;110;203 851 020;155 680 436;C01;1;Conducteur;Blessé léger;Masculin;2001;5;8;0; -1; -1; -1; -1
202300000069;;;;;;;;;;;;;;;155 680 435;D01;2;;Sans objet;Véhicule;3;1;1;;Autoroute;A55-Sens Martigues vers Marseille;0;;1;2;0;1;17;0;1;;10;Normale;Aucun;1;110;203 851 021;155 680 437;A01;1;Conducteur;Indemne;Féminin;1984;5;8;0; -1; -1; -1; -1
202300000069;;;;;;;;;;;;;;;155 680 435;D01;2;;Sans objet;Véhicule;3;1;1;;Autoroute;A55-Sens Martigues vers Marseille;0;;1;2;0;1;17;0;1;;10;Normale;Aucun;1;110;203 851 022;155 680 437;A01;2;Passager;Indemne;Masculin;1983;0;8;8; -1; -1; -1; -1
202300000069;;;;;;;;;;;;;;;155 680 435;D01;2;;Sans objet;Véhicule;3;1;1;;Autoroute;A55-Sens Martigues vers Marseille;0;;1;2;0;1;17;0;1;;10;Normale;Aucun;1;110;203 851 023;155 680 438;B01;1;Conducteur;Blessé léger;Masculin;1970;5;8;0; -1; -1; -1; -1
202300000069;;;;;;;;;;;;;;;155 680 436;C01;1;;Véhicule en stationnement;Véhicule;1;2;1;;Autoroute;A55-Sens Martigues vers Marseille;0;;1;2;0;1;17;0;1;;10;Normale;Aucun;1;110;203 851 018;155 680 435;D01;1;Conducteur;Blessé léger;Masculin;1991;5;1;8; -1; -1; -1; -1
202300000069;;;;;;;;;;;;;;;155 680 436;C01;1;;Véhicule en stationnement;Véhicule;1;2;1;;Autoroute;A55-Sens Martigues vers Marseille;0;;1;2;0;1;17;0;1;;10;Normale;Aucun;1;110;203 851 019;155 680 435;D01;2;Passager;Blessé léger;Masculin;1988;5;1;8; -1; -1; -1; -1
202300000069;;;;;;;;;;;;;;;155 680 436;C01;1;;Véhicule en stationnement;Véhicule;1;2;1;;Autoroute;A55-Sens Martigues vers Marseille;0;;1;2;0;1;17;0;1;;10;Normale;Aucun;1;110;203 851 020;155 680 436;C01;1;Conducteur;Blessé léger;Masculin;2001;5;8;0; -1; -1; -1; -1
202300000069;;;;;;;;;;;;;;;155 680 436;C01;1;;Véhicule en stationnement;Véhicule;1;2;1;;Autoroute;A55-Sens Martigues vers Marseille;0;;1;2;0;1;17;0;1;;10;Normale;Aucun;1;110;203 851 021;155 680 437;A01;1;Conducteur;Indemne;Féminin;1984;5;8;0; -1; -1; -1; -1
202300000069;;;;;;;;;;;;;;;155 680 436;C01;1;;Véhicule en stationnement;Véhicule;1;2;1;;Autoroute;A55-Sens Martigues vers Marseille;0;;1;2;0;1;17;0;1;;10;Normale;Aucun;1;110;203 851 022;155 680 437;A01;2;Passager;Indemne;Masculin;1983;0;8;8; -1; -1; -1; -1
202300000069;;;;;;;;;;;;;;;155 680 436;C01;1;;Véhicule en stationnement;Véhicule;1;2;1;;Autoroute;A55-Sens Martigues vers Marseille;0;;1;2;0;1;17;0;1;;10;Normale;Aucun;1;110;203 851 023;155 680 438;B01;1;Conducteur;Blessé léger;Masculin;1970;5;8;0; -1; -1; -1; -1
202300000069;;;;;;;;;;;;;;;155 680 437;A01;2;;Sans objet;Véhicule;6;23;1;;Autoroute;A55-Sens Martigues vers Marseille;0;;1;2;0;1;17;0;1;;10;Normale;Aucun;1;110;203 851 018;155 680 435;D01;1;Conducteur;Blessé léger;Masculin;1991;5;1;8; -1; -1; -1; -1
202300000069;;;;;;;;;;;;;;;155 680 437;A01;2;;Sans objet;Véhicule;6;23;1;;Autoroute;A55-Sens Martigues vers Marseille;0;;1;2;0;1;17;0;1;;10;Normale;Aucun;1;110;203 851 019;155 680 435;D01;2;Passager;Blessé léger;Masculin;1988;5;1;8; -1; -1; -1; -1
202300000069;;;;;;;;;;;;;;;155 680 437;A01;2;;Sans objet;Véhicule;6;23;1;;Autoroute;A55-Sens Martigues vers Marseille;0;;1;2;0;1;17;0;1;;10;Normale;Aucun;1;110;203 851 020;155 680 436;C01;1;Conducteur;Blessé léger;Masculin;2001;5;8;0; -1; -1; -1; -1
202300000069;;;;;;;;;;;;;;;155 680 437;A01;2;;Sans objet;Véhicule;6;23;1;;Autoroute;A55-Sens Martigues vers Marseille;0;;1;2;0;1;17;0;1;;10;Normale;Aucun;1;110;203 851 021;155 680 437;A01;1;Conducteur;Indemne;Féminin;1984;5;8;0; -1; -1; -1; -1
202300000069;;;;;;;;;;;;;;;155 680 437;A01;2;;Sans objet;Véhicule;6;23;1;;Autoroute;A55-Sens Martigues vers Marseille;0;;1;2;0;1;17;0;1;;10;Normale;Aucun;1;110;203 851 022;155 680 437;A01;2;Passager;Indemne;Masculin;1983;0;8;8; -1; -1; -1; -1
202300000069;;;;;;;;;;;;;;;155 680 437;A01;2;;Sans objet;Véhicule;6;23;1;;Autoroute;A55-Sens Martigues vers Marseille;0;;1;2;0;1;17;0;1;;10;Normale;Aucun;1;110;203 851 023;155 680 438;B01;1;Conducteur;Blessé léger;Masculin;1970;5;8;0; -1; -1; -1; -1
202300000069;;;;;;;;;;;;;;;155 680 438;B01;2;;Sans objet;Véhicule;4;23;1;;Autoroute;A55-Sens Martigues vers Marseille;0;;1;2;0;1;17;0;1;;10;Normale;Aucun;1;110;203 851 018;155 680 435;D01;1;Conducteur;Blessé léger;Masculin;1991;5;1;8; -1; -1; -1; -1
202300000069;;;;;;;;;;;;;;;155 680 438;B01;2;;Sans objet;Véhicule;4;23;1;;Autoroute;A55-Sens Martigues vers Marseille;0;;1;2;0;1;17;0;1;;10;Normale;Aucun;1;110;203 851 019;155 680 435;D01;2;Passager;Blessé léger;Masculin;1988;5;1;8; -1; -1; -1; -1
202300000069;;;;;;;;;;;;;;;155 680 438;B01;2;;Sans objet;Véhicule;4;23;1;;Autoroute;A55-Sens Martigues vers Marseille;0;;1;2;0;1;17;0;1;;10;Normale;Aucun;1;110;203 851 020;155 680 436;C01;1;Conducteur;Blessé léger;Masculin;2001;5;8;0; -1; -1; -1; -1
202300000069;;;;;;;;;;;;;;;155 680 438;B01;2;;Sans objet;Véhicule;4;23;1;;Autoroute;A55-Sens Martigues vers Marseille;0;;1;2;0;1;17;0;1;;10;Normale;Aucun;1;110;203 851 021;155 680 437;A01;1;Conducteur;Indemne;Féminin;1984;5;8;0; -1; -1; -1; -1
202300000069;;;;;;;;;;;;;;;155 680 438;B01;2;;Sans objet;Véhicule;4;23;1;;Autoroute;A55-Sens Martigues vers Marseille;0;;1;2;0;1;17;0;1;;10;Normale;Aucun;1;110;203 851 022;155 680 437;A01;2;Passager;Indemne;Masculin;1983;0;8;8; -1; -1; -1; -1
202300000069;;;;;;;;;;;;;;;155 680 438;B01;2;;Sans objet;Véhicule;4;23;1;;Autoroute;A55-Sens Martigues vers Marseille;0;;1;2;0;1;17;0;1;;10;Normale;Aucun;1;110;203 851 023;155 680 438;B01;1;Conducteur;Blessé léger;Masculin;1970;5;8;0; -1; -1; -1; -1
202300000070;;;;;;;;;;;;;;;155 680 433;A01;1;;Sans objet;Véhicule;1;2;1;;Autoroute;A507 sens Marseille - Aubagne;0;;1;3;0;2;8;199;1;;9;Normale;Souterrain - tunnel;1;70;203 851 016;155 680 433;A01;1;Conducteur;Indemne;Masculin;1993;0;2;6; -1; -1; -1; -1
202300000070;;;;;;;;;;;;;;;155 680 433;A01;1;;Sans objet;Véhicule;1;2;1;;Autoroute;A507 sens Marseille - Aubagne;0;;1;3;0;2;8;199;1;;9;Normale;Souterrain - tunnel;1;70;203 851 017;155 680 434;B01;1;Conducteur;Blessé léger;Masculin;1994;0;2;6; -1; -1; -1; -1
202300000070;;;;;;;;;;;;;;;155 680 434;B01;0;;Sans objet;Véhicule;4;2;1;;Autoroute;A507 sens Marseille - Aubagne;0;;1;3;0;2;8;199;1;;9;Normale;Souterrain - tunnel;1;70;203 851 016;155 680 433;A01;1;Conducteur;Indemne;Masculin;1993;0;2;6; -1; -1; -1; -1
202300000070;;;;;;;;;;;;;;;155 680 434;B01;0;;Sans objet;Véhicule;4;2;1;;Autoroute;A507 sens Marseille - Aubagne;0;;1;3;0;2;8;199;1;;9;Normale;Souterrain - tunnel;1;70;203 851 017;155 680 434;B01;1;Conducteur;Blessé léger;Masculin;1994;0;2;6; -1; -1; -1; -1
202300000071;;;;;;;;;;;;;;;155 680 431;A01;2;;Véhicule en stationnement;Aucun;4;11;1;;Autoroute;A50;0;;3;6;0;1;67;699;2;; -1;Normale;;1;70;203 851 013;155 680 431;A01;1;Conducteur;Indemne;Masculin;1992;5;1; -1; -1; -1; -1; -1
202300000071;;;;;;;;;;;;;;;155 680 431;A01;2;;Véhicule en stationnement;Aucun;4;11;1;;Autoroute;A50;0;;3;6;0;1;67;699;2;; -1;Normale;;1;70;203 851 014;155 680 432;B01;1;Conducteur;Indemne;Masculin;1972;5;1; -1; -1; -1; -1; -1
202300000071;;;;;;;;;;;;;;;155 680 431;A01;2;;Véhicule en stationnement;Aucun;4;11;1;;Autoroute;A50;0;;3;6;0;1;67;699;2;; -1;Normale;;1;70;203 851 015;155 680 432;B01;2;Passager;Blessé léger;Féminin;1971;0;1; -1; -1; -1; -1; -1
202300000071;;;;;;;;;;;;;;;155 680 432;B01;2;;Sans objet;Véhicule;1;1;1;;Autoroute;A50;0;;3;6;0;1;67;699;2;; -1;Normale;;1;70;203 851 013;155 680 431;A01;1;Conducteur;Indemne;Masculin;1992;5;1; -1; -1; -1; -1; -1
202300000071;;;;;;;;;;;;;;;155 680 432;B01;2;;Sans objet;Véhicule;1;1;1;;Autoroute;A50;0;;3;6;0;1;67;699;2;; -1;Normale;;1;70;203 851 014;155 680 432;B01;1;Conducteur;Indemne;Masculin;1972;5;1; -1; -1; -1; -1; -1
202300000071;;;;;;;;;;;;;;;155 680 432;B01;2;;Sans objet;Véhicule;1;1;1;;Autoroute;A50;0;;3;6;0;1;67;699;2;; -1;Normale;;1;70;203 851 015;155 680 432;B01;2;Passager;Blessé léger;Féminin;1971;0;1; -1; -1; -1; -1; -1
202300000072;;;;;;;;;;;;;;;155 680 429;A01;1;;Sans objet;Véhicule;1;2;1;;Autoroute;A50 SORTIE TUNNEL TUBE SUD;0;;3;6;0;1;72;599;1;; -1;Normale;Aucun;2;70;203 851 011;155 680 429;A01;1;Conducteur;Blessé léger;Féminin;1989;1;2;6; -1; -1; -1; -1
202300000072;;;;;;;;;;;;;;;155 680 429;A01;1;;Sans objet;Véhicule;1;2;1;;Autoroute;A50 SORTIE TUNNEL TUBE SUD;0;;3;6;0;1;72;599;1;; -1;Normale;Aucun;2;70;203 851 012;155 680 430;B01;1;Conducteur;Indemne;Masculin;1975;4;1; -1; -1; -1; -1; -1
202300000072;;;;;;;;;;;;;;;155 680 430;B01;1;;Sans objet;Véhicule;4;2;1;;Autoroute;A50 SORTIE TUNNEL TUBE SUD;0;;3;6;0;1;72;599;1;; -1;Normale;Aucun;2;70;203 851 011;155 680 429;A01;1;Conducteur;Blessé léger;Féminin;1989;1;2;6; -1; -1; -1; -1
202300000072;;;;;;;;;;;;;;;155 680 430;B01;1;;Sans objet;Véhicule;4;2;1;;Autoroute;A50 SORTIE TUNNEL TUBE SUD;0;;3;6;0;1;72;599;1;; -1;Normale;Aucun;2;70;203 851 012;155 680 430;B01;1;Conducteur;Indemne;Masculin;1975;4;1; -1; -1; -1; -1; -1
202300000073;;;;;;;;;;;;;;;155 680 428;A01;1;;Sans objet;Aucun;2;26;1;;Route Départementale;TIGRE (ROUTE DU);0;;2;2;0;1;1;900;1;; -1;Normale;Aucun;1;50;203 851 008;155 680 428;A01;1;Conducteur;Blessé hospitalisé;Masculin;1960;1;2;0; -1;0;0; -1
202300000074;;;;;;;;;;;;;;;155 680 426;B01;1;;Sans objet;Véhicule;6;1;1;;Autoroute;A50 BRETELLE D'ACCES N°17 TOULON/NICE;0;;1;2;0;2;72;500;2;; -1;Normale;Souterrain - tunnel;1;50;203 851 006;155 680 426;B01;1;Conducteur;Blessé léger;Masculin;1991;0;1; -1; -1; -1; -1; -1
202300000074;;;;;;;;;;;;;;;155 680 426;B01;1;;Sans objet;Véhicule;6;1;1;;Autoroute;A50 BRETELLE D'ACCES N°17 TOULON/NICE;0;;1;2;0;2;72;500;2;; -1;Normale;Souterrain - tunnel;1;50;203 851 007;155 680 427;A01;2;Passager;Indemne;Masculin;2001;5;1; -1; -1; -1; -1; -1
202300000074;;;;;;;;;;;;;;;155 680 426;B01;1;;Sans objet;Véhicule;6;1;1;;Autoroute;A50 BRETELLE D'ACCES N°17 TOULON/NICE;0;;1;2;0;2;72;500;2;; -1;Normale;Souterrain - tunnel;1;50;203 851 009;155 680 427;A01;1;Conducteur;Indemne;Masculin;2001;5;1; -1; -1; -1; -1; -1
202300000074;;;;;;;;;;;;;;;155 680 426;B01;1;;Sans objet;Véhicule;6;1;1;;Autoroute;A50 BRETELLE D'ACCES N°17 TOULON/NICE;0;;1;2;0;2;72;500;2;; -1;Normale;Souterrain - tunnel;1;50;203 851 010;155 680 427;A01;4;Passager;Indemne;Masculin;2001;0;1; -1; -1; -1; -1; -1
202300000074;;;;;;;;;;;;;;;155 680 427;A01;1;;Sans objet;Véhicule;2;12;1;;Autoroute;A50 BRETELLE D'ACCES N°17 TOULON/NICE;0;;1;2;0;2;72;500;2;; -1;Normale;Souterrain - tunnel;1;50;203 851 006;155 680 426;B01;1;Conducteur;Blessé léger;Masculin;1991;0;1; -1; -1; -1; -1; -1
202300000074;;;;;;;;;;;;;;;155 680 427;A01;1;;Sans objet;Véhicule;2;12;1;;Autoroute;A50 BRETELLE D'ACCES N°17 TOULON/NICE;0;;1;2;0;2;72;500;2;; -1;Normale;Souterrain - tunnel;1;50;203 851 007;155 680 427;A01;2;Passager;Indemne;Masculin;2001;5;1; -1; -1; -1; -1; -1
202300000074;;;;;;;;;;;;;;;155 680 427;A01;1;;Sans objet;Véhicule;2;12;1;;Autoroute;A50 BRETELLE D'ACCES N°17 TOULON/NICE;0;;1;2;0;2;72;500;2;; -1;Normale;Souterrain - tunnel;1;50;203 851 009;155 680 427;A01;1;Conducteur;Indemne;Masculin;2001;5;1; -1; -1; -1; -1; -1
202300000074;;;;;;;;;;;;;;;155 680 427;A01;1;;Sans objet;Véhicule;2;12;1;;Autoroute;A50 BRETELLE D'ACCES N°17 TOULON/NICE;0;;1;2;0;2;72;500;2;; -1;Normale;Souterrain - tunnel;1;50;203 851 010;155 680 427;A01;4;Passager;Indemne;Masculin;2001;0;1; -1; -1; -1; -1; -1
202300000075;;;;;;;;;;;;;;;155 680 424;A01;1;;;Aucun;1;1;1;;Route nationale;RN 441;0;; -1;1;0;2;0;600;2;; -1;Mouillée;Aucun;1;50;203 851 004;155 680 424;A01;1;Conducteur;Blessé léger;Masculin;2000;5;1;0; -1; -1; -1; -1
202300000076;;;;;;;;;;;;;;;155 680 423;B01;1;;Sans objet;Véhicule;1;19;3;;Voie Communale;BONNEL (DE)                         (R );0;;1;4;3;1; -1; -1;1;; -1;Normale;Aucun;1;50;203 851 003;155 680 423;B01;1;Conducteur;Blessé léger;Masculin;1982;0;8; -1; -1; -1; -1; -1
202300000076;;;;;;;;;;;;;;;155 680 423;B01;1;;Sans objet;Véhicule;1;19;3;;Voie Communale;BONNEL (DE)                         (R );0;;1;4;3;1; -1; -1;1;; -1;Normale;Aucun;1;50;203 851 005;155 680 425;A01;1;Conducteur;Indemne;Masculin;1971;4;1; -1; -1; -1; -1; -1
202300000076;;;;;;;;;;;;;;;155 680 423;B01;1;;Sans objet;Véhicule;1;19;3;;Voie Communale;GARIBALDI                           (R );0;;1;3;3;1; -1; -1;1;; -1;Normale;Aucun;1;50;203 851 003;155 680 423;B01;1;Conducteur;Blessé léger;Masculin;1982;0;8; -1; -1; -1; -1; -1
202300000076;;;;;;;;;;;;;;;155 680 423;B01;1;;Sans objet;Véhicule;1;19;3;;Voie Communale;GARIBALDI                           (R );0;;1;3;3;1; -1; -1;1;; -1;Normale;Aucun;1;50;203 851 005;155 680 425;A01;1;Conducteur;Indemne;Masculin;1971;4;1; -1; -1; -1; -1; -1
202300000076;;;;;;;;;;;;;;;155 680 425;A01;1;;Sans objet;Véhicule;2;16;0;;Voie Communale;BONNEL (DE)                         (R );0;;1;4;3;1; -1; -1;1;; -1;Normale;Aucun;1;50;203 851 003;155 680 423;B01;1;Conducteur;Blessé léger;Masculin;1982;0;8; -1; -1; -1; -1; -1
202300000076;;;;;;;;;;;;;;;155 680 425;A01;1;;Sans objet;Véhicule;2;16;0;;Voie Communale;BONNEL (DE)                         (R );0;;1;4;3;1; -1; -1;1;; -1;Normale;Aucun;1;50;203 851 005;155 680 425;A01;1;Conducteur;Indemne;Masculin;1971;4;1; -1; -1; -1; -1; -1
202300000076;;;;;;;;;;;;;;;155 680 425;A01;1;;Sans objet;Véhicule;2;16;0;;Voie Communale;GARIBALDI                           (R );0;;1;3;3;1; -1; -1;1;; -1;Normale;Aucun;1;50;203 851 003;155 680 423;B01;1;Conducteur;Blessé léger;Masculin;1982;0;8; -1; -1; -1; -1; -1
202300000076;;;;;;;;;;;;;;;155 680 425;A01;1;;Sans objet;Véhicule;2;16;0;;Voie Communale;GARIBALDI                           (R );0;;1;3;3;1; -1; -1;1;; -1;Normale;Aucun;1;50;203 851 005;155 680 425;A01;1;Conducteur;Indemne;Masculin;1971;4;1; -1; -1; -1; -1; -1
202300000077;;;;;;;;;;;;;;;155 680 420;A01;2;;Sans objet;Véhicule;1;1;1;;Autoroute;AUTOROUTE A6B;0;; -1;3;0;1;8;300;1;;6;Normale;Aucun;1;110;203 851 000;155 680 420;A01;1;Conducteur;Blessé léger;Féminin;1996;4;1;4; -1; -1; -1; -1
202300000077;;;;;;;;;;;;;;;155 680 420;A01;2;;Sans objet;Véhicule;1;1;1;;Autoroute;AUTOROUTE A6B;0;; -1;3;0;1;8;300;1;;6;Normale;Aucun;1;110;203 851 001;155 680 420;A01;3;Passager;Blessé léger;Masculin;2014;0;1;0; -1; -1; -1; -1
202300000077;;;;;;;;;;;;;;;155 680 420;A01;2;;Sans objet;Véhicule;1;1;1;;Autoroute;AUTOROUTE A6B;0;; -1;3;0;1;8;300;1;;6;Normale;Aucun;1;110;203 851 002;155 680 422;B01;1;Conducteur;Indemne;Masculin;1976;0;1;4; -1; -1; -1; -1
202300000077;;;;;;;;;;;;;;;155 680 422;B01;2;;Sans objet;Véhicule;4;23;1;;Autoroute;AUTOROUTE A6B;0;; -1;3;0;1;8;300;1;;6;Normale;Aucun;1;110;203 851 000;155 680 420;A01;1;Conducteur;Blessé léger;Féminin;1996;4;1;4; -1; -1; -1; -1
202300000077;;;;;;;;;;;;;;;155 680 422;B01;2;;Sans objet;Véhicule;4;23;1;;Autoroute;AUTOROUTE A6B;0;; -1;3;0;1;8;300;1;;6;Normale;Aucun;1;110;203 851 001;155 680 420;A01;3;Passager;Blessé léger;Masculin;2014;0;1;0; -1; -1; -1; -1
202300000077;;;;;;;;;;;;;;;155 680 422;B01;2;;Sans objet;Véhicule;4;23;1;;Autoroute;AUTOROUTE A6B;0;; -1;3;0;1;8;300;1;;6;Normale;Aucun;1;110;203 851 002;155 680 422;B01;1;Conducteur;Indemne;Masculin;1976;0;1;4; -1; -1; -1; -1
202300000078;;;;;;;;;;;;;;;155 680 419;A01;2;;Sans objet;Véhicule;3;1;1;;Route Départementale;ERNEST ANDRE (RUE);0;;1;1;0;1;2;299;1;; -1;Normale;Aucun;1;50;203 850 998;155 680 419;A01;1;Conducteur;Indemne;Masculin;1975;1;1; -1; -1; -1; -1; -1
202300000078;;;;;;;;;;;;;;;155 680 419;A01;2;;Sans objet;Véhicule;3;1;1;;Route Départementale;ERNEST ANDRE (RUE);0;;1;1;0;1;2;299;1;; -1;Normale;Aucun;1;50;203 850 999;155 680 421;B01;1;Conducteur;Blessé léger;Masculin;1991;0;2;0; -1; -1; -1; -1
202300000078;;;;;;;;;;;;;;;155 680 419;A01;2;;Sans objet;Véhicule;3;1;1;;Route Départementale;ROUTE DEPARTEMENTALE 3;0;;2;2;0;1;6;500;1;; -1;Normale;Aucun;1;50;203 850 998;155 680 419;A01;1;Conducteur;Indemne;Masculin;1975;1;1; -1; -1; -1; -1; -1
202300000078;;;;;;;;;;;;;;;155 680 419;A01;2;;Sans objet;Véhicule;3;1;1;;Route Départementale;ROUTE DEPARTEMENTALE 3;0;;2;2;0;1;6;500;1;; -1;Normale;Aucun;1;50;203 850 999;155 680 421;B01;1;Conducteur;Blessé léger;Masculin;1991;0;2;0; -1; -1; -1; -1
202300000078;;;;;;;;;;;;;;;155 680 421;B01;2;;Sans objet;Véhicule;1;1;1;;Route Départementale;ERNEST ANDRE (RUE);0;;1;1;0;1;2;299;1;; -1;Normale;Aucun;1;50;203 850 998;155 680 419;A01;1;Conducteur;Indemne;Masculin;1975;1;1; -1; -1; -1; -1; -1
202300000078;;;;;;;;;;;;;;;155 680 421;B01;2;;Sans objet;Véhicule;1;1;1;;Route Départementale;ERNEST ANDRE (RUE);0;;1;1;0;1;2;299;1;; -1;Normale;Aucun;1;50;203 850 999;155 680 421;B01;1;Conducteur;Blessé léger;Masculin;1991;0;2;0; -1; -1; -1; -1
202300000078;;;;;;;;;;;;;;;155 680 421;B01;2;;Sans objet;Véhicule;1;1;1;;Route Départementale;ROUTE DEPARTEMENTALE 3;0;;2;2;0;1;6;500;1;; -1;Normale;Aucun;1;50;203 850 998;155 680 419;A01;1;Conducteur;Indemne;Masculin;1975;1;1; -1; -1; -1; -1; -1
202300000078;;;;;;;;;;;;;;;155 680 421;B01;2;;Sans objet;Véhicule;1;1;1;;Route Départementale;ROUTE DEPARTEMENTALE 3;0;;2;2;0;1;6;500;1;; -1;Normale;Aucun;1;50;203 850 999;155 680 421;B01;1;Conducteur;Blessé léger;Masculin;1991;0;2;0; -1; -1; -1; -1
202300000079;;;;;;;;;;;;;;;155 680 418;A01;1;;;Aucun;1;1;1;;Route nationale;RN 104;0;;1;4;0;1;32;500;1;;17,5;Mouillée;Aucun;1;90;203 850 997;155 680 418;A01;1;Conducteur;Blessé léger;Masculin;1993;0;1;0; -1;0;0; -1
202300000080;;;;;;;;;;;;;;;155 680 417;A01;1;;Sans objet;Aucun;1;0;1;;Route Départementale;D13;0;;2;2;0;2;4;300;1;; -1;Normale;Aucun;1;80;203 850 996;155 680 417;A01;1;Conducteur;Blessé léger;Masculin;1998;0;8;0; -1; -1; -1; -1
202300000081;;;;;;;;;;;;;;;155 680 415;A01;1;;Sans objet;Véhicule;1;1;1;;Autoroute;AUTOROUTE A6;0;;1;3;0;1;17;0;1;;14;Mouillée;Aucun;1;110;203 850 994;155 680 415;A01;1;Conducteur;Indemne;Masculin;2001;0;1;0; -1;0;0; -1
202300000081;;;;;;;;;;;;;;;155 680 415;A01;1;;Sans objet;Véhicule;1;1;1;;Autoroute;AUTOROUTE A6;0;;1;3;0;1;17;0;1;;14;Mouillée;Aucun;1;110;203 850 995;155 680 416;B01;1;Conducteur;Blessé léger;Masculin;1983;0;1;0; -1;0;0; -1
202300000081;;;;;;;;;;;;;;;155 680 416;B01;1;;Sans objet;Véhicule;4;1;1;;Autoroute;AUTOROUTE A6;0;;1;3;0;1;17;0;1;;14;Mouillée;Aucun;1;110;203 850 994;155 680 415;A01;1;Conducteur;Indemne;Masculin;2001;0;1;0; -1;0;0; -1
202300000081;;;;;;;;;;;;;;;155 680 416;B01;1;;Sans objet;Véhicule;4;1;1;;Autoroute;AUTOROUTE A6;0;;1;3;0;1;17;0;1;;14;Mouillée;Aucun;1;110;203 850 995;155 680 416;B01;1;Conducteur;Blessé léger;Masculin;1983;0;1;0; -1;0;0; -1
202300000082;;;;;;;;;;;;;;;155 680 414;A01;2;;Sans objet;Véhicule;4;9;1;;Route nationale;BALATA (ROUTE DE);0;;1;2;0;1;1;0;3;; -1;Normale;Aucun;1;50;203 850 991;155 680 414;A01;1;Conducteur;Indemne;Masculin;1995;5;1;0; -1; -1; -1; -1
202300000082;;;;;;;;;;;;;;;155 680 414;A01;2;;Sans objet;Véhicule;4;9;1;;Route nationale;BALATA (ROUTE DE);0;;1;2;0;1;1;0;3;; -1;Normale;Aucun;1;50;203 850 992;155 680 414;A01;4;Passager;Blessé léger;Féminin;1957;5;1;0; -1; -1; -1; -1
202300000082;;;;;;;;;;;;;;;155 680 414;A01;2;;Sans objet;Véhicule;4;9;1;;Route nationale;BALATA (ROUTE DE);0;;1;2;0;1;1;0;3;; -1;Normale;Aucun;1;50;203 850 993;155 680 414;A01;2;Passager;Blessé léger;Masculin;1967;0;1;0; -1; -1; -1; -1
202300000083;7;05;2023;01:00;Nuit avec éclairage public allumé;94;94003;Hors agglomération;Hors intersection;Pluie forte;Deux véhicules – par l’arrière;A6A;48,81284950;2,33616725;155 680 411;A01;1;;Sans objet;Véhicule;1;17;1;;Autoroute;6A;0;;1;2;0;1;0;800;2;;10,5;Mouillée;Aucun;1;70;203 850 988;155 680 411;A01;1;Conducteur;Indemne;Masculin;1985;0;1;0; -1; -1; -1; -1