accident_id;day;month;year;time;lighting;department;municipality;urban_location;intersection;weather;collision_type;address;latitude;longitude;vehicle_id_x;vehicle_num_x;travel_direction;vehicle_category;fixed_obstacle;mobile_obstacle;initial_impact;maneuver;motor_type;passenger_count;road_category;road_name;road_num_index;road_letter_index;traffic_direction;lane_count;reserved_lane;road_profile;reference_point;distance_to_ref;road_layout;central_reservation_width;road_width;surface_condition;infrastructure;accident_location;speed_limit;user_id;vehicle_id_y;vehicle_num_y;user_position;user_category;injury_severity;gender;birth_year;trip_purpose;safety_equipment_1;safety_equipment_2;safety_equipment_3;pedestrian_location;pedestrian_action;pedestrian_state
202300000113;;;;;;;;;;;;;;;155 680 362;B01;1;;Sans objet;Véhicule;2;1;1;;Route Départementale;; -1;;2;2;0;1; -1; -1;1;; -1;Mouillée;Aucun;1;50;203 850 926;155 680 362;B01;1;Conducteur;Blessé léger;Masculin;1990;1;1; -1; -1;0;0; -1
202300000114;;;;;;;;;;;;;;;155 680 357;A01;1;;;Aucun;0;1;1;;Route Départementale;;0;;2;2;0;2;5;810;4;;4;Mouillée;Aucun;8;90;203 850 918;155 680 357;A01;1;Conducteur;Tué;Masculin;1959;5;8; -1; -1;0;0; -1
202300000115;;;;;;;;;;;;;;;155 680 355;B01;1;;Sans objet;Véhicule;4;2;1;;Route Départementale;PATTON GENERAL RTE ST-AUBIN A AV RUBILLA;0;;3;0;0;1;50;700;1;; -1;Normale;Aucun;1;90;203 850 916;155 680 355;B01;1;Conducteur;Blessé léger;Masculin;1982;4;1;0; -1; -1; -1; -1
202300000115;;;;;;;;;;;;;;;155 680 355;B01;1;;Sans objet;Véhicule;4;2;1;;Route Départementale;PATTON GENERAL RTE ST-AUBIN A AV RUBILLA;0;;3;0;0;1;50;700;1;; -1;Normale;Aucun;1;90;203 850 919;155 680 358;A01;1;Conducteur;Blessé léger;Masculin;1964;0;1;8; -1; -1; -1; -1
202300000115;;;;;;;;;;;;;;;155 680 358;A01;1;;Sans objet;Véhicule;1;2;1;;Route Départementale;PATTON GENERAL RTE ST-AUBIN A AV RUBILLA;0;;3;0;0;1;50;700;1;; -1;Normale;Aucun;1;90;203 850 916;155 680 355;B01;1;Conducteur;Blessé léger;Masculin;1982;4;1;0; -1; -1; -1; -1
202300000115;;;;;;;;;;;;;;;155 680 358;A01;1;;Sans objet;Véhicule;1;2;1;;Route Départementale;PATTON GENERAL RTE ST-AUBIN A AV RUBILLA;0;;3;0;0;1;50;700;1;; -1;Normale;Aucun;1;90;203 850 919;155 680 358;A01;1;Conducteur;Blessé léger;Masculin;1964;0;1;8; -1; -1; -1; -1
202300000116;;;;;;;;;;;;;;;155 680 354;A01;3;;Sans objet;Piéton;4;23;1;;Voie Communale;0;0;; -1;2;0;2; -1; -1;1;; -1;Mouillée;Aucun;1;50;203 850 915;155 680 354;A01;10;Piéton;Tué;Masculin;1952;4;0; -1; -1;5;9;1
202300000117;;;;;;;;;;;;;;;155 680 350;A01;1;;Sans objet;Véhicule;2;15;1;;;ALBERT RAMBOZ                       (AV);0;;1;2;0;1; -1; -1;2;; -1;Normale;;1;50;203 850 909;155 680 350;A01;2;Passager;Indemne;Féminin;1989;1;1; -1; -1; -1; -1; -1
202300000117;;;;;;;;;;;;;;;155 680 350;A01;1;;Sans objet;Véhicule;2;15;1;;;ALBERT RAMBOZ                       (AV);0;;1;2;0;1; -1; -1;2;; -1;Normale;;1;50;203 850 911;155 680 350;A01;1;Conducteur;Indemne;Masculin;1995;1;1; -1; -1; -1; -1; -1
202300000117;;;;;;;;;;;;;;;155 680 350;A01;1;;Sans objet;Véhicule;2;15;1;;;ALBERT RAMBOZ                       (AV);0;;1;2;0;1; -1; -1;2;; -1;Normale;;1;50;203 850 914;155 680 353;B01;1;Conducteur;Blessé hospitalisé;Masculin;1964;1;2;6;9; -1; -1; -1
202300000117;;;;;;;;;;;;;;;155 680 350;A01;1;;Sans objet;Véhicule;2;15;1;;;PIERRE SEMARD                       (BD);0;;1;3;0;1; -1; -1;2;; -1;Normale;Aucun;1;50;203 850 909;155 680 350;A01;2;Passager;Indemne;Féminin;1989;1;1; -1; -1; -1; -1; -1
202300000117;;;;;;;;;;;;;;;155 680 350;A01;1;;Sans objet;Véhicule;2;15;1;;;PIERRE SEMARD                       (BD);0;;1;3;0;1; -1; -1;2;; -1;Normale;Aucun;1;50;203 850 911;155 680 350;A01;1;Conducteur;Indemne;Masculin;1995;1;1; -1; -1; -1; -1; -1
202300000117;;;;;;;;;;;;;;;155 680 350;A01;1;;Sans objet;Véhicule;2;15;1;;;PIERRE SEMARD                       (BD);0;;1;3;0;1; -1; -1;2;; -1;Normale;Aucun;1;50;203 850 914;155 680 353;B01;1;Conducteur;Blessé hospitalisé;Masculin;1964;1;2;6;9; -1; -1; -1
202300000117;;;;;;;;;;;;;;;155 680 353;B01;1;;Sans objet;Véhicule;1;1;1;;;ALBERT RAMBOZ                       (AV);0;;1;2;0;1; -1; -1;2;; -1;Normale;;1;50;203 850 909;155 680 350;A01;2;Passager;Indemne;Féminin;1989;1;1; -1; -1; -1; -1; -1
202300000117;;;;;;;;;;;;;;;155 680 353;B01;1;;Sans objet;Véhicule;1;1;1;;;ALBERT RAMBOZ                       (AV);0;;1;2;0;1; -1; -1;2;; -1;Normale;;1;50;203 850 911;155 680 350;A01;1;Conducteur;Indemne;Masculin;1995;1;1; -1; -1; -1; -1; -1
202300000117;;;;;;;;;;;;;;;155 680 353;B01;1;;Sans objet;Véhicule;1;1;1;;;ALBERT RAMBOZ                       (AV);0;;1;2;0;1; -1; -1;2;; -1;Normale;;1;50;203 850 914;155 680 353;B01;1;Conducteur;Blessé hospitalisé;Masculin;1964;1;2;6;9; -1; -1; -1
202300000117;;;;;;;;;;;;;;;155 680 353;B01;1;;Sans objet;Véhicule;1;1;1;;;PIERRE SEMARD                       (BD);0;;1;3;0;1; -1; -1;2;; -1;Normale;Aucun;1;50;203 850 909;155 680 350;A01;2;Passager;Indemne;Féminin;1989;1;1; -1; -1; -1; -1; -1
202300000117;;;;;;;;;;;;;;;155 680 353;B01;1;;Sans objet;Véhicule;1;1;1;;;PIERRE SEMARD                       (BD);0;;1;3;0;1; -1; -1;2;; -1;Normale;Aucun;1;50;203 850 911;155 680 350;A01;1;Conducteur;Indemne;Masculin;1995;1;1; -1; -1; -1; -1; -1
202300000117;;;;;;;;;;;;;;;155 680 353;B01;1;;Sans objet;Véhicule;1;1;1;;;PIERRE SEMARD                       (BD);0;;1;3;0;1; -1; -1;2;; -1;Normale;Aucun;1;50;203 850 914;155 680 353;B01;1;Conducteur;Blessé hospitalisé;Masculin;1964;1;2;6;9; -1; -1; -1
202300000118;;;;;;;;;;;;;;;155 680 349;A01;2;VU seul;Sans objet;Véhicule;2;1;1;;Route Départementale;962; -1;;2;2;0;1;21;80;1;;7;Mouillée;Aucun;1;90;203 850 905;155 680 349;A01;2;Passager;Indemne;Masculin;1953;0;1; -1; -1;0;0; -1
202300000118;;;;;;;;;;;;;;;155 680 349;A01;2;VU seul;Sans objet;Véhicule;2;1;1;;Route Départementale;962; -1;;2;2;0;1;21;80;1;;7;Mouillée;Aucun;1;90;203 850 906;155 680 349;A01;1;Conducteur;Indemne;Masculin;1951;0;1; -1; -1;0;0; -1
202300000118;;;;;;;;;;;;;;;155 680 349;A01;2;VU seul;Sans objet;Véhicule;2;1;1;;Route Départementale;962; -1;;2;2;0;1;21;80;1;;7;Mouillée;Aucun;1;90;203 850 910;155 680 351;B01;1;Conducteur;Blessé hospitalisé;Masculin;1960;5;2; -1; -1;0;0; -1
202300000118;;;;;;;;;;;;;;;155 680 351;B01;2;;Sans objet;Véhicule;4;2;5;;Route Départementale;962; -1;;2;2;0;1;21;80;1;;7;Mouillée;Aucun;1;90;203 850 905;155 680 349;A01;2;Passager;Indemne;Masculin;1953;0;1; -1; -1;0;0; -1
202300000118;;;;;;;;;;;;;;;155 680 351;B01;2;;Sans objet;Véhicule;4;2;5;;Route Départementale;962; -1;;2;2;0;1;21;80;1;;7;Mouillée;Aucun;1;90;203 850 906;155 680 349;A01;1;Conducteur;Indemne;Masculin;1951;0;1; -1; -1;0;0; -1
202300000118;;;;;;;;;;;;;;;155 680 351;B01;2;;Sans objet;Véhicule;4;2;5;;Route Départementale;962; -1;;2;2;0;1;21;80;1;;7;Mouillée;Aucun;1;90;203 850 910;155 680 351;B01;1;Conducteur;Blessé hospitalisé;Masculin;1960;5;2; -1; -1;0;0; -1
202300000119;;;;;;;;;;;;;;;155 680 345;A01;2;;Véhicule en stationnement;Aucun;1;1;1;;Route Départementale;916; -1;;2;2;0;2;32;440;1;;7;Mouillée;;1;90;203 850 901;155 680 345;A01;1;Conducteur;Blessé léger;Masculin;1941;4;1; -1; -1;0;0; -1
202300000120;;;;;;;;;;;;;;;155 680 346;A01;1;;Sans objet;Véhicule;1;1;1;;Voie Communale;; -1;;2;3; -1;1; -1; -1;1;; -1;Normale;Carrefour aménagé;8; -1;203 850 902;155 680 346;A01;1;Conducteur;Indemne;Féminin;1974;5;1;0; -1; -1; -1; -1
202300000120;;;;;;;;;;;;;;;155 680 346;A01;1;;Sans objet;Véhicule;1;1;1;;Voie Communale;; -1;;2;3; -1;1; -1; -1;1;; -1;Normale;Carrefour aménagé;8; -1;203 850 903;155 680 347;B01;1;Conducteur;Blessé léger;Féminin;1977;5;1;0; -1; -1; -1; -1
202300000120;;;;;;;;;;;;;;;155 680 346;A01;1;;Sans objet;Véhicule;1;1;1;;Voie Communale;;0;;2;3;0;1; -1; -1;1;; -1;Normale;Aucun;1;50;203 850 902;155 680 346;A01;1;Conducteur;Indemne;Féminin;1974;5;1;0; -1; -1; -1; -1
202300000120;;;;;;;;;;;;;;;155 680 346;A01;1;;Sans objet;Véhicule;1;1;1;;Voie Communale;;0;;2;3;0;1; -1; -1;1;; -1;Normale;Aucun;1;50;203 850 903;155 680 347;B01;1;Conducteur;Blessé léger;Féminin;1977;5;1;0; -1; -1; -1; -1
202300000120;;;;;;;;;;;;;;;155 680 347;B01;1;;Sans objet;Véhicule;4;23;1;;Voie Communale;; -1;;2;3; -1;1; -1; -1;1;; -1;Normale;Carrefour aménagé;8; -1;203 850 902;155 680 346;A01;1;Conducteur;Indemne;Féminin;1974;5;1;0; -1; -1; -1; -1
202300000120;;;;;;;;;;;;;;;155 680 347;B01;1;;Sans objet;Véhicule;4;23;1;;Voie Communale;; -1;;2;3; -1;1; -1; -1;1;; -1;Normale;Carrefour aménagé;8; -1;203 850 903;155 680 347;B01;1;Conducteur;Blessé léger;Féminin;1977;5;1;0; -1; -1; -1; -1
202300000120;;;;;;;;;;;;;;;155 680 347;B01;1;;Sans objet;Véhicule;4;23;1;;Voie Communale;;0;;2;3;0;1; -1; -1;1;; -1;Normale;Aucun;1;50;203 850 902;155 680 346;A01;1;Conducteur;Indemne;Féminin;1974;5;1;0; -1; -1; -1; -1
202300000120;;;;;;;;;;;;;;;155 680 347;B01;1;;Sans objet;Véhicule;4;23;1;;Voie Communale;;0;;2;3;0;1; -1; -1;1;; -1;Normale;Aucun;1;50;203 850 903;155 680 347;B01;1;Conducteur;Blessé léger;Féminin;1977;5;1;0; -1; -1; -1; -1
202300000121;;;;;;;;;;;;;;;155 680 342;A01;1;;Arbre;Aucun;3;13;0;;Route Départementale;2;0;D;2;2;0;1;74;200;1;; -1;Mouillée;Aucun;3;80;203 850 898;155 680 342;A01;1;Conducteur;Blessé hospitalisé;Féminin;1953;3;1; -1; -1;0;0; -1
202300000122;;;;;;;;;;;;;;;155 680 340;B01;2;;Sans objet;Véhicule;4;2;1;;Route nationale;PASTEUR (AVENUE);0;;2;1;0;1;47;60;1;; -1;Normale;Aucun;1;50;203 850 896;155 680 340;B01;1;Conducteur;Blessé léger;Féminin;1994;0;1;0; -1; -1; -1; -1
202300000122;;;;;;;;;;;;;;;155 680 340;B01;2;;Sans objet;Véhicule;4;2;1;;Route nationale;PASTEUR (AVENUE);0;;2;1;0;1;47;60;1;; -1;Normale;Aucun;1;50;203 850 899;155 680 343;A01;1;Conducteur;Indemne;Féminin;1961;1;1;0; -1; -1; -1; -1
202300000122;;;;;;;;;;;;;;;155 680 340;B01;2;;Sans objet;Véhicule;4;2;1;;Route nationale;PASTEUR (AVENUE);0;;2;1;0;1;47;60;1;; -1;Normale;Aucun;1;50;203 850 900;155 680 344;C01;1;Conducteur;Indemne;Féminin;1986;4;1;0; -1; -1; -1; -1
202300000122;;;;;;;;;;;;;;;155 680 343;A01;2;;Sans objet;Véhicule;1;2;1;;Route nationale;PASTEUR (AVENUE);0;;2;1;0;1;47;60;1;; -1;Normale;Aucun;1;50;203 850 896;155 680 340;B01;1;Conducteur;Blessé léger;Féminin;1994;0;1;0; -1; -1; -1; -1
202300000122;;;;;;;;;;;;;;;155 680 343;A01;2;;Sans objet;Véhicule;1;2;1;;Route nationale;PASTEUR (AVENUE);0;;2;1;0;1;47;60;1;; -1;Normale;Aucun;1;50;203 850 899;155 680 343;A01;1;Conducteur;Indemne;Féminin;1961;1;1;0; -1; -1; -1; -1
202300000122;;;;;;;;;;;;;;;155 680 343;A01;2;;Sans objet;Véhicule;1;2;1;;Route nationale;PASTEUR (AVENUE);0;;2;1;0;1;47;60;1;; -1;Normale;Aucun;1;50;203 850 900;155 680 344;C01;1;Conducteur;Indemne;Féminin;1986;4;1;0; -1; -1; -1; -1
202300000122;;;;;;;;;;;;;;;155 680 344;C01;2;;Sans objet;Véhicule;4;2;1;1;Route nationale;PASTEUR (AVENUE);0;;2;1;0;1;47;60;1;; -1;Normale;Aucun;1;50;203 850 896;155 680 340;B01;1;Conducteur;Blessé léger;Féminin;1994;0;1;0; -1; -1; -1; -1
202300000122;;;;;;;;;;;;;;;155 680 344;C01;2;;Sans objet;Véhicule;4;2;1;1;Route nationale;PASTEUR (AVENUE);0;;2;1;0;1;47;60;1;; -1;Normale;Aucun;1;50;203 850 899;155 680 343;A01;1;Conducteur;Indemne;Féminin;1961;1;1;0; -1; -1; -1; -1
202300000122;;;;;;;;;;;;;;;155 680 344;C01;2;;Sans objet;Véhicule;4;2;1;1;Route nationale;PASTEUR (AVENUE);0;;2;1;0;1;47;60;1;; -1;Normale;Aucun;1;50;203 850 900;155 680 344;C01;1;Conducteur;Indemne;Féminin;1986;4;1;0; -1; -1; -1; -1
202300000123;;;;;;;;;;;;;;;155 680 339;B01;1;;Sans objet;Véhicule;1;15;1;;Voie Communale;LAPORTE (RUE HONORE);0;; -1;2;0;1; -1; -1;1;; -1;Normale;Aucun;1;50;203 850 895;155 680 339;B01;1;Conducteur;Indemne;Masculin;1943;9;0; -1; -1;0;0; -1
202300000123;;;;;;;;;;;;;;;155 680 339;B01;1;;Sans objet;Véhicule;1;15;1;;Voie Communale;LAPORTE (RUE HONORE);0;; -1;2;0;1; -1; -1;1;; -1;Normale;Aucun;1;50;203 850 897;155 680 341;A01;1;Conducteur;Blessé hospitalisé;Masculin;1979;9;0; -1; -1;0;0; -1
202300000123;;;;;;;;;;;;;;;155 680 339;B01;1;;Sans objet;Véhicule;1;15;1;;Voie Communale;VALLES (RUE JULES);0;; -1;2;0;1; -1; -1;1;; -1;Normale;Aucun;1;50;203 850 895;155 680 339;B01;1;Conducteur;Indemne;Masculin;1943;9;0; -1; -1;0;0; -1
202300000123;;;;;;;;;;;;;;;155 680 339;B01;1;;Sans objet;Véhicule;1;15;1;;Voie Communale;VALLES (RUE JULES);0;; -1;2;0;1; -1; -1;1;; -1;Normale;Aucun;1;50;203 850 897;155 680 341;A01;1;Conducteur;Blessé hospitalisé;Masculin;1979;9;0; -1; -1;0;0; -1
202300000123;;;;;;;;;;;;;;;155 680 341;A01;2;;Sans objet;Véhicule;1;1;1;;Voie Communale;LAPORTE (RUE HONORE);0;; -1;2;0;1; -1; -1;1;; -1;Normale;Aucun;1;50;203 850 895;155 680 339;B01;1;Conducteur;Indemne;Masculin;1943;9;0; -1; -1;0;0; -1
202300000123;;;;;;;;;;;;;;;155 680 341;A01;2;;Sans objet;Véhicule;1;1;1;;Voie Communale;LAPORTE (RUE HONORE);0;; -1;2;0;1; -1; -1;1;; -1;Normale;Aucun;1;50;203 850 897;155 680 341;A01;1;Conducteur;Blessé hospitalisé;Masculin;1979;9;0; -1; -1;0;0; -1
202300000123;;;;;;;;;;;;;;;155 680 341;A01;2;;Sans objet;Véhicule;1;1;1;;Voie Communale;VALLES (RUE JULES);0;; -1;2;0;1; -1; -1;1;; -1;Normale;Aucun;1;50;203 850 895;155 680 339;B01;1;Conducteur;Indemne;Masculin;1943;9;0; -1; -1;0;0; -1
202300000123;;;;;;;;;;;;;;;155 680 341;A01;2;;Sans objet;Véhicule;1;1;1;;Voie Communale;VALLES (RUE JULES);0;; -1;2;0;1; -1; -1;1;; -1;Normale;Aucun;1;50;203 850 897;155 680 341;A01;1;Conducteur;Blessé hospitalisé;Masculin;1979;9;0; -1; -1;0;0; -1
202300000124;;;;;;;;;;;;;;;155 680 336;B01;1;;Sans objet;Véhicule;3;26;1;;Route Départementale;753;0;D;2;2;0;1;33;505;1;;5;Mouillée;Aucun;1;80;203 850 891;155 680 336;B01;1;Conducteur;Blessé léger;Féminin;2002;1;1; -1; -1;0;0; -1
202300000124;;;;;;;;;;;;;;;155 680 336;B01;1;;Sans objet;Véhicule;3;26;1;;Route Départementale;753;0;D;2;2;0;1;33;505;1;;5;Mouillée;Aucun;1;80;203 850 893;155 680 338;A01;2;Passager;Blessé hospitalisé;Masculin;2010;5;8; -1; -1;0;0; -1
202300000124;;;;;;;;;;;;;;;155 680 336;B01;1;;Sans objet;Véhicule;3;26;1;;Route Départementale;753;0;D;2;2;0;1;33;505;1;;5;Mouillée;Aucun;1;80;203 850 894;155 680 338;A01;1;Conducteur;Tué;Féminin;1984;5;1; -1; -1;0;0; -1
202300000124;;;;;;;;;;;;;;;155 680 338;A01;2;;Sans objet;Véhicule;3;13;1;;Route Départementale;753;0;D;2;2;0;1;33;505;1;;5;Mouillée;Aucun;1;80;203 850 891;155 680 336;B01;1;Conducteur;Blessé léger;Féminin;2002;1;1; -1; -1;0;0; -1
202300000124;;;;;;;;;;;;;;;155 680 338;A01;2;;Sans objet;Véhicule;3;13;1;;Route Départementale;753;0;D;2;2;0;1;33;505;1;;5;Mouillée;Aucun;1;80;203 850 893;155 680 338;A01;2;Passager;Blessé hospitalisé;Masculin;2010;5;8; -1; -1;0;0; -1
202300000124;;;;;;;;;;;;;;;155 680 338;A01;2;;Sans objet;Véhicule;3;13;1;;Route Départementale;753;0;D;2;2;0;1;33;505;1;;5;Mouillée;Aucun;1;80;203 850 894;155 680 338;A01;1;Conducteur;Tué;Féminin;1984;5;1; -1; -1;0;0; -1
202300000125;;;;;;;;;;;;;;;155 680 330;A01;2;;Sans objet;Véhicule;2;1;1;;Route Départementale;24; -1;;2;2;0;1;23;200;1;;7;Mouillée;Aucun;1;70;203 850 883;155 680 330;A01;1;Conducteur;Indemne;Masculin;1983;4;1; -1; -1;0;0; -1
202300000125;;;;;;;;;;;;;;;155 680 330;A01;2;;Sans objet;Véhicule;2;1;1;;Route Départementale;24; -1;;2;2;0;1;23;200;1;;7;Mouillée;Aucun;1;70;203 850 885;155 680 332;B01;1;Conducteur;Blessé léger;Masculin;1998;5;1; -1; -1;0;0; -1
202300000125;;;;;;;;;;;;;;;155 680 330;A01;2;;Sans objet;Véhicule;2;1;1;;Route Départementale;24; -1;;2;2;0;1;23;200;1;;7;Mouillée;Aucun;1;70;203 850 887;155 680 335;C01;1;Conducteur;Indemne;Masculin;1975;4;1; -1; -1;0;0; -1
202300000125;;;;;;;;;;;;;;;155 680 330;A01;2;;Sans objet;Véhicule;2;1;1;;Route Départementale;; -1;; -1;2; -1;1; -1; -1;1;; -1;Normale;Aucun;1; -1;203 850 883;155 680 330;A01;1;Conducteur;Indemne;Masculin;1983;4;1; -1; -1;0;0; -1
202300000125;;;;;;;;;;;;;;;155 680 330;A01;2;;Sans objet;Véhicule;2;1;1;;Route Départementale;; -1;; -1;2; -1;1; -1; -1;1;; -1;Normale;Aucun;1; -1;203 850 885;155 680 332;B01;1;Conducteur;Blessé léger;Masculin;1998;5;1; -1; -1;0;0; -1
202300000125;;;;;;;;;;;;;;;155 680 330;A01;2;;Sans objet;Véhicule;2;1;1;;Route Départementale;; -1;; -1;2; -1;1; -1; -1;1;; -1;Normale;Aucun;1; -1;203 850 887;155 680 335;C01;1;Conducteur;Indemne;Masculin;1975;4;1; -1; -1;0;0; -1
202300000125;;;;;;;;;;;;;;;155 680 332;B01;1;;Sans objet;Véhicule;2;1;1;;Route Départementale;24; -1;;2;2;0;1;23;200;1;;7;Mouillée;Aucun;1;70;203 850 883;155 680 330;A01;1;Conducteur;Indemne;Masculin;1983;4;1; -1; -1;0;0; -1
202300000125;;;;;;;;;;;;;;;155 680 332;B01;1;;Sans objet;Véhicule;2;1;1;;Route Départementale;24; -1;;2;2;0;1;23;200;1;;7;Mouillée;Aucun;1;70;203 850 885;155 680 332;B01;1;Conducteur;Blessé léger;Masculin;1998;5;1; -1; -1;0;0; -1
202300000125;;;;;;;;;;;;;;;155 680 332;B01;1;;Sans objet;Véhicule;2;1;1;;Route Départementale;24; -1;;2;2;0;1;23;200;1;;7;Mouillée;Aucun;1;70;203 850 887;155 680 335;C01;1;Conducteur;Indemne;Masculin;1975;4;1; -1; -1;0;0; -1
202300000125;;;;;;;;;;;;;;;155 680 332;B01;1;;Sans objet;Véhicule;2;1;1;;Route Départementale;; -1;; -1;2; -1;1; -1; -1;1;; -1;Normale;Aucun;1; -1;203 850 883;155 680 330;A01;1;Conducteur;Indemne;Masculin;1983;4;1; -1; -1;0;0; -1
202300000125;;;;;;;;;;;;;;;155 680 332;B01;1;;Sans objet;Véhicule;2;1;1;;Route Départementale;; -1;; -1;2; -1;1; -1; -1;1;; -1;Normale;Aucun;1; -1;203 850 885;155 680 332;B01;1;Conducteur;Blessé léger;Masculin;1998;5;1; -1; -1;0;0; -1
202300000125;;;;;;;;;;;;;;;155 680 332;B01;1;;Sans objet;Véhicule;2;1;1;;Route Départementale;; -1;; -1;2; -1;1; -1; -1;1;; -1;Normale;Aucun;1; -1;203 850 887;155 680 335;C01;1;Conducteur;Indemne;Masculin;1975;4;1; -1; -1;0;0; -1
202300000125;;;;;;;;;;;;;;;155 680 335;C01;1;VU seul;Sans objet;Véhicule;5;15;1;;Route Départementale;24; -1;;2;2;0;1;23;200;1;;7;Mouillée;Aucun;1;70;203 850 883;155 680 330;A01;1;Conducteur;Indemne;Masculin;1983;4;1; -1; -1;0;0; -1
202300000125;;;;;;;;;;;;;;;155 680 335;C01;1;VU seul;Sans objet;Véhicule;5;15;1;;Route Départementale;24; -1;;2;2;0;1;23;200;1;;7;Mouillée;Aucun;1;70;203 850 885;155 680 332;B01;1;Conducteur;Blessé léger;Masculin;1998;5;1; -1; -1;0;0; -1
202300000125;;;;;;;;;;;;;;;155 680 335;C01;1;VU seul;Sans objet;Véhicule;5;15;1;;Route Départementale;24; -1;;2;2;0;1;23;200;1;;7;Mouillée;Aucun;1;70;203 850 887;155 680 335;C01;1;Conducteur;Indemne;Masculin;1975;4;1; -1; -1;0;0; -1
202300000125;;;;;;;;;;;;;;;155 680 335;C01;1;VU seul;Sans objet;Véhicule;5;15;1;;Route Départementale;; -1;; -1;2; -1;1; -1; -1;1;; -1;Normale;Aucun;1; -1;203 850 883;155 680 330;A01;1;Conducteur;Indemne;Masculin;1983;4;1; -1; -1;0;0; -1
202300000125;;;;;;;;;;;;;;;155 680 335;C01;1;VU seul;Sans objet;Véhicule;5;15;1;;Route Départementale;; -1;; -1;2; -1;1; -1; -1;1;; -1;Normale;Aucun;1; -1;203 850 885;155 680 332;B01;1;Conducteur;Blessé léger;Masculin;1998;5;1; -1; -1;0;0; -1
202300000125;;;;;;;;;;;;;;;155 680 335;C01;1;VU seul;Sans objet;Véhicule;5;15;1;;Route Départementale;; -1;; -1;2; -1;1; -1; -1;1;; -1;Normale;Aucun;1; -1;203 850 887;155 680 335;C01;1;Conducteur;Indemne;Masculin;1975;4;1; -1; -1;0;0; -1
202300000126;;;;;;;;;;;;;;;155 680 329;C01;3;;Sans objet;Véhicule;4;1;1;;;GENAS    (Route de);0;;1;1;3;1; -1; -1;1;; -1;Normale;Aucun;1;50;203 850 882;155 680 329;C01;1;Conducteur;Indemne;Féminin;1977;0;1; -1; -1; -1; -1; -1
202300000126;;;;;;;;;;;;;;;155 680 329;C01;3;;Sans objet;Véhicule;4;1;1;;;GENAS    (Route de);0;;1;1;3;1; -1; -1;1;; -1;Normale;Aucun;1;50;203 850 884;155 680 331;D01;1;Conducteur;Indemne;Féminin;1976;0;1; -1; -1; -1; -1; -1
202300000126;;;;;;;;;;;;;;;155 680 329;C01;3;;Sans objet;Véhicule;4;1;1;;;GENAS    (Route de);0;;1;1;3;1; -1; -1;1;; -1;Normale;Aucun;1;50;203 850 886;155 680 334;A01;7;Passager;Blessé léger;Masculin;2006;5;8; -1; -1; -1; -1; -1
202300000126;;;;;;;;;;;;;;;155 680 329;C01;3;;Sans objet;Véhicule;4;1;1;;;GENAS    (Route de);0;;1;1;3;1; -1; -1;1;; -1;Normale;Aucun;1;50;203 850 889;155 680 334;A01;1;Conducteur;Indemne;Masculin;1970;4;1; -1; -1; -1; -1; -1
202300000126;;;;;;;;;;;;;;;155 680 329;C01;3;;Sans objet;Véhicule;4;1;1;;;GENAS    (Route de);0;;1;1;3;1; -1; -1;1;; -1;Normale;Aucun;1;50;203 850 890;155 680 334;A01;7;Passager;Blessé léger;Masculin;1967;5;8; -1; -1; -1; -1; -1
202300000126;;;;;;;;;;;;;;;155 680 329;C01;3;;Sans objet;Véhicule;4;1;1;;;GENAS    (Route de);0;;1;1;3;1; -1; -1;1;; -1;Normale;Aucun;1;50;203 850 892;155 680 337;B01;1;Conducteur;Blessé léger;Masculin;1969;0;1; -1; -1; -1; -1; -1
202300000126;;;;;;;;;;;;;;;155 680 331;D01;3;;Sans objet;Véhicule;4;1;1;;;GENAS    (Route de);0;;1;1;3;1; -1; -1;1;; -1;Normale;Aucun;1;50;203 850 882;155 680 329;C01;1;Conducteur;Indemne;Féminin;1977;0;1; -1; -1; -1; -1; -1
202300000126;;;;;;;;;;;;;;;155 680 331;D01;3;;Sans objet;Véhicule;4;1;1;;;GENAS    (Route de);0;;1;1;3;1; -1; -1;1;; -1;Normale;Aucun;1;50;203 850 884;155 680 331;D01;1;Conducteur;Indemne;Féminin;1976;0;1; -1; -1; -1; -1; -1