accident_id;day;month;year;time;lighting;department;municipality;urban_location;intersection;weather;collision_type;address;latitude;longitude;vehicle_id_x;vehicle_num_x;travel_direction;vehicle_category;fixed_obstacle;mobile_obstacle;initial_impact;maneuver;motor_type;passenger_count;road_category;road_name;road_num_index;road_letter_index;traffic_direction;lane_count;reserved_lane;road_profile;reference_point;distance_to_ref;road_layout;central_reservation_width;road_width;surface_condition;infrastructure;accident_location;speed_limit;user_id;vehicle_id_y;vehicle_num_y;user_position;user_category;injury_severity;gender;birth_year;trip_purpose;safety_equipment_1;safety_equipment_2;safety_equipment_3;pedestrian_location;pedestrian_action;pedestrian_state
202300000126;;;;;;;;;;;;;;;155 680 331;D01;3;;Sans objet;Véhicule;4;1;1;;;GENAS    (Route de);0;;1;1;3;1; -1; -1;1;; -1;Normale;Aucun;1;50;203 850 886;155 680 334;A01;7;Passager;Blessé léger;Masculin;2006;5;8; -1; -1; -1; -1; -1
202300000126;;;;;;;;;;;;;;;155 680 331;D01;3;;Sans objet;Véhicule;4;1;1;;;GENAS    (Route de);0;;1;1;3;1; -1; -1;1;; -1;Normale;Aucun;1;50;203 850 889;155 680 334;A01;1;Conducteur;Indemne;Masculin;1970;4;1; -1; -1; -1; -1; -1
202300000126;;;;;;;;;;;;;;;155 680 331;D01;3;;Sans objet;Véhicule;4;1;1;;;GENAS    (Route de);0;;1;1;3;1; -1; -1;1;; -1;Normale;Aucun;1;50;203 850 890;155 680 334;A01;7;Passager;Blessé léger;Masculin;1967;5;8; -1; -1; -1; -1; -1
202300000126;;;;;;;;;;;;;;;155 680 331;D01;3;;Sans objet;Véhicule;4;1;1;;;GENAS    (Route de);0;;1;1;3;1; -1; -1;1;; -1;Normale;Aucun;1;50;203 850 892;155 680 337;B01;1;Conducteur;Blessé léger;Masculin;1969;0;1; -1; -1; -1; -1; -1
202300000126;;;;;;;;;;;;;;;155 680 334;A01;3;;Véhicule en stationnement;Véhicule;3;9;1;3;;GENAS    (Route de);0;;1;1;3;1; -1; -1;1;; -1;Normale;Aucun;1;50;203 850 882;155 680 329;C01;1;Conducteur;Indemne;Féminin;1977;0;1; -1; -1; -1; -1; -1
202300000126;;;;;;;;;;;;;;;155 680 334;A01;3;;Véhicule en stationnement;Véhicule;3;9;1;3;;GENAS    (Route de);0;;1;1;3;1; -1; -1;1;; -1;Normale;Aucun;1;50;203 850 884;155 680 331;D01;1;Conducteur;Indemne;Féminin;1976;0;1; -1; -1; -1; -1; -1
202300000126;;;;;;;;;;;;;;;155 680 334;A01;3;;Véhicule en stationnement;Véhicule;3;9;1;3;;GENAS    (Route de);0;;1;1;3;1; -1; -1;1;; -1;Normale;Aucun;1;50;203 850 886;155 680 334;A01;7;Passager;Blessé léger;Masculin;2006;5;8; -1; -1; -1; -1; -1
202300000126;;;;;;;;;;;;;;;155 680 334;A01;3;;Véhicule en stationnement;Véhicule;3;9;1;3;;GENAS    (Route de);0;;1;1;3;1; -1; -1;1;; -1;Normale;Aucun;1;50;203 850 889;155 680 334;A01;1;Conducteur;Indemne;Masculin;1970;4;1; -1; -1; -1; -1; -1
202300000126;;;;;;;;;;;;;;;155 680 334;A01;3;;Véhicule en stationnement;Véhicule;3;9;1;3;;GENAS    (Route de);0;;1;1;3;1; -1; -1;1;; -1;Normale;Aucun;1;50;203 850 890;155 680 334;A01;7;Passager;Blessé léger;Masculin;1967;5;8; -1; -1; -1; -1; -1
202300000126;;;;;;;;;;;;;;;155 680 334;A01;3;;Véhicule en stationnement;Véhicule;3;9;1;3;;GENAS    (Route de);0;;1;1;3;1; -1; -1;1;; -1;Normale;Aucun;1;50;203 850 892;155 680 337;B01;1;Conducteur;Blessé léger;Masculin;1969;0;1; -1; -1; -1; -1; -1
202300000126;;;;;;;;;;;;;;;155 680 337;B01;3;;Sans objet;Véhicule;4;3;1;;;GENAS    (Route de);0;;1;1;3;1; -1; -1;1;; -1;Normale;Aucun;1;50;203 850 882;155 680 329;C01;1;Conducteur;Indemne;Féminin;1977;0;1; -1; -1; -1; -1; -1
202300000126;;;;;;;;;;;;;;;155 680 337;B01;3;;Sans objet;Véhicule;4;3;1;;;GENAS    (Route de);0;;1;1;3;1; -1; -1;1;; -1;Normale;Aucun;1;50;203 850 884;155 680 331;D01;1;Conducteur;Indemne;Féminin;1976;0;1; -1; -1; -1; -1; -1
202300000126;;;;;;;;;;;;;;;155 680 337;B01;3;;Sans objet;Véhicule;4;3;1;;;GENAS    (Route de);0;;1;1;3;1; -1; -1;1;; -1;Normale;Aucun;1;50;203 850 886;155 680 334;A01;7;Passager;Blessé léger;Masculin;2006;5;8; -1; -1; -1; -1; -1
202300000126;;;;;;;;;;;;;;;155 680 337;B01;3;;Sans objet;Véhicule;4;3;1;;;GENAS    (Route de);0;;1;1;3;1; -1; -1;1;; -1;Normale;Aucun;1;50;203 850 889;155 680 334;A01;1;Conducteur;Indemne;Masculin;1970;4;1; -1; -1; -1; -1; -1
202300000126;;;;;;;;;;;;;;;155 680 337;B01;3;;Sans objet;Véhicule;4;3;1;;;GENAS    (Route de);0;;1;1;3;1; -1; -1;1;; -1;Normale;Aucun;1;50;203 850 890;155 680 334;A01;7;Passager;Blessé léger;Masculin;1967;5;8; -1; -1; -1; -1; -1
202300000126;;;;;;;;;;;;;;;155 680 337;B01;3;;Sans objet;Véhicule;4;3;1;;;GENAS    (Route de);0;;1;1;3;1; -1; -1;1;; -1;Normale;Aucun;1;50;203 850 892;155 680 337;B01;1;Conducteur;Blessé léger;Masculin;1969;0;1; -1; -1; -1; -1; -1
202300000127;;;;;;;;;;;;;;;155 680 328;A01;2;Autre véhicule;Sans objet;Véhicule;1;1;1;;Voie Communale;COPERNIC;0;; -1;2;0;1; -1; -1;1;; -1;Normale;Aucun;1;50;203 850 881;155 680 328;A01;1;Conducteur;Blessé léger;Féminin;2000;4;1;8; -1; -1; -1; -1
202300000127;;;;;;;;;;;;;;;155 680 328;A01;2;Autre véhicule;Sans objet;Véhicule;1;1;1;;Voie Communale;COPERNIC;0;; -1;2;0;1; -1; -1;1;; -1;Normale;Aucun;1;50;203 850 888;155 680 333;B01;1;Conducteur;Indemne;Masculin;1989;5;1;0; -1; -1; -1; -1
202300000127;;;;;;;;;;;;;;;155 680 328;A01;2;Autre véhicule;Sans objet;Véhicule;1;1;1;;Voie Communale;LILAS DES;0;; -1;0;0;1; -1; -1;1;; -1;Normale;Aucun;1;50;203 850 881;155 680 328;A01;1;Conducteur;Blessé léger;Féminin;2000;4;1;8; -1; -1; -1; -1
202300000127;;;;;;;;;;;;;;;155 680 328;A01;2;Autre véhicule;Sans objet;Véhicule;1;1;1;;Voie Communale;LILAS DES;0;; -1;0;0;1; -1; -1;1;; -1;Normale;Aucun;1;50;203 850 888;155 680 333;B01;1;Conducteur;Indemne;Masculin;1989;5;1;0; -1; -1; -1; -1
202300000127;;;;;;;;;;;;;;;155 680 333;B01;1;;Sans objet;Véhicule;6;1;3;;Voie Communale;COPERNIC;0;; -1;2;0;1; -1; -1;1;; -1;Normale;Aucun;1;50;203 850 881;155 680 328;A01;1;Conducteur;Blessé léger;Féminin;2000;4;1;8; -1; -1; -1; -1
202300000127;;;;;;;;;;;;;;;155 680 333;B01;1;;Sans objet;Véhicule;6;1;3;;Voie Communale;COPERNIC;0;; -1;2;0;1; -1; -1;1;; -1;Normale;Aucun;1;50;203 850 888;155 680 333;B01;1;Conducteur;Indemne;Masculin;1989;5;1;0; -1; -1; -1; -1
202300000127;;;;;;;;;;;;;;;155 680 333;B01;1;;Sans objet;Véhicule;6;1;3;;Voie Communale;LILAS DES;0;; -1;0;0;1; -1; -1;1;; -1;Normale;Aucun;1;50;203 850 881;155 680 328;A01;1;Conducteur;Blessé léger;Féminin;2000;4;1;8; -1; -1; -1; -1
202300000127;;;;;;;;;;;;;;;155 680 333;B01;1;;Sans objet;Véhicule;6;1;3;;Voie Communale;LILAS DES;0;; -1;0;0;1; -1; -1;1;; -1;Normale;Aucun;1;50;203 850 888;155 680 333;B01;1;Conducteur;Indemne;Masculin;1989;5;1;0; -1; -1; -1; -1
202300000128;;;;;;;;;;;;;;;155 680 327;A01;1;;;Aucun;1;1;1;;Route Départementale;518; -1;A;2;3;0;2;0;370;1;;10,5;Mouillée;Aucun;8;80;203 850 880;155 680 327;A01;1;Conducteur;Blessé léger;Masculin;1976;3;1; -1; -1;0;0; -1
202300000129;;;;;;;;;;;;;;;155 680 322;B01;1;VU seul;Sans objet;Véhicule;4;2;1;;Voie Communale;;0;;2;4;1;1;0;0;1;; -1;Normale;Aucun;1;50;203 850 874;155 680 322;B01;1;Conducteur;Blessé léger;Masculin;1974;4;1;0; -1; -1; -1; -1
202300000129;;;;;;;;;;;;;;;155 680 322;B01;1;VU seul;Sans objet;Véhicule;4;2;1;;Voie Communale;;0;;2;4;1;1;0;0;1;; -1;Normale;Aucun;1;50;203 850 876;155 680 325;C01;1;Conducteur;Blessé léger;Féminin;1964;1;1;0; -1; -1; -1; -1
202300000129;;;;;;;;;;;;;;;155 680 322;B01;1;VU seul;Sans objet;Véhicule;4;2;1;;Voie Communale;;0;;2;4;1;1;0;0;1;; -1;Normale;Aucun;1;50;203 850 878;155 680 326;A01;1;Conducteur;Indemne;Masculin;1992;1;1;0; -1; -1; -1; -1
202300000129;;;;;;;;;;;;;;;155 680 325;C01;1;;Sans objet;Véhicule;4;2;1;;Voie Communale;;0;;2;4;1;1;0;0;1;; -1;Normale;Aucun;1;50;203 850 874;155 680 322;B01;1;Conducteur;Blessé léger;Masculin;1974;4;1;0; -1; -1; -1; -1
202300000129;;;;;;;;;;;;;;;155 680 325;C01;1;;Sans objet;Véhicule;4;2;1;;Voie Communale;;0;;2;4;1;1;0;0;1;; -1;Normale;Aucun;1;50;203 850 876;155 680 325;C01;1;Conducteur;Blessé léger;Féminin;1964;1;1;0; -1; -1; -1; -1
202300000129;;;;;;;;;;;;;;;155 680 325;C01;1;;Sans objet;Véhicule;4;2;1;;Voie Communale;;0;;2;4;1;1;0;0;1;; -1;Normale;Aucun;1;50;203 850 878;155 680 326;A01;1;Conducteur;Indemne;Masculin;1992;1;1;0; -1; -1; -1; -1
202300000129;;;;;;;;;;;;;;;155 680 326;A01;1;VU seul;Sans objet;Véhicule;1;1;1;;Voie Communale;;0;;2;4;1;1;0;0;1;; -1;Normale;Aucun;1;50;203 850 874;155 680 322;B01;1;Conducteur;Blessé léger;Masculin;1974;4;1;0; -1; -1; -1; -1
202300000129;;;;;;;;;;;;;;;155 680 326;A01;1;VU seul;Sans objet;Véhicule;1;1;1;;Voie Communale;;0;;2;4;1;1;0;0;1;; -1;Normale;Aucun;1;50;203 850 876;155 680 325;C01;1;Conducteur;Blessé léger;Féminin;1964;1;1;0; -1; -1; -1; -1
202300000129;;;;;;;;;;;;;;;155 680 326;A01;1;VU seul;Sans objet;Véhicule;1;1;1;;Voie Communale;;0;;2;4;1;1;0;0;1;; -1;Normale;Aucun;1;50;203 850 878;155 680 326;A01;1;Conducteur;Indemne;Masculin;1992;1;1;0; -1; -1; -1; -1
202300000130;;;;;;;;;;;;;;;155 680 321;A01;2;PL seul > 7,5T;Sans objet;Véhicule;2;15;1;;Route Départementale;464;0;;2;2;0;2;70;491;1;;5,5;Flaques;Carrefour aménagé;1;70;203 850 870;155 680 321;A01;1;Conducteur;Indemne;Masculin;1964;4;1; -1; -1;0;0; -1
202300000130;;;;;;;;;;;;;;;155 680 321;A01;2;PL seul > 7,5T;Sans objet;Véhicule;2;15;1;;Route Départementale;464;0;;2;2;0;2;70;491;1;;5,5;Flaques;Carrefour aménagé;1;70;203 850 872;155 680 321;A01;2;Passager;Indemne;Masculin;1986;4;1; -1; -1;0;0; -1
202300000130;;;;;;;;;;;;;;;155 680 321;A01;2;PL seul > 7,5T;Sans objet;Véhicule;2;15;1;;Route Départementale;464;0;;2;2;0;2;70;491;1;;5,5;Flaques;Carrefour aménagé;1;70;203 850 875;155 680 323;B01;1;Conducteur;Tué;Masculin;2004;1;2; -1; -1;0;0; -1
202300000130;;;;;;;;;;;;;;;155 680 321;A01;2;PL seul > 7,5T;Sans objet;Véhicule;2;15;1;;Route Départementale;538;0;;2;2;0;2;0;0;1;;5,5;Flaques;Carrefour aménagé;1;70;203 850 870;155 680 321;A01;1;Conducteur;Indemne;Masculin;1964;4;1; -1; -1;0;0; -1
202300000130;;;;;;;;;;;;;;;155 680 321;A01;2;PL seul > 7,5T;Sans objet;Véhicule;2;15;1;;Route Départementale;538;0;;2;2;0;2;0;0;1;;5,5;Flaques;Carrefour aménagé;1;70;203 850 872;155 680 321;A01;2;Passager;Indemne;Masculin;1986;4;1; -1; -1;0;0; -1
202300000130;;;;;;;;;;;;;;;155 680 321;A01;2;PL seul > 7,5T;Sans objet;Véhicule;2;15;1;;Route Départementale;538;0;;2;2;0;2;0;0;1;;5,5;Flaques;Carrefour aménagé;1;70;203 850 875;155 680 323;B01;1;Conducteur;Tué;Masculin;2004;1;2; -1; -1;0;0; -1
202300000130;;;;;;;;;;;;;;;155 680 323;B01;2;;Sans objet;Véhicule;1;1;1;;Route Départementale;464;0;;2;2;0;2;70;491;1;;5,5;Flaques;Carrefour aménagé;1;70;203 850 870;155 680 321;A01;1;Conducteur;Indemne;Masculin;1964;4;1; -1; -1;0;0; -1
202300000130;;;;;;;;;;;;;;;155 680 323;B01;2;;Sans objet;Véhicule;1;1;1;;Route Départementale;464;0;;2;2;0;2;70;491;1;;5,5;Flaques;Carrefour aménagé;1;70;203 850 872;155 680 321;A01;2;Passager;Indemne;Masculin;1986;4;1; -1; -1;0;0; -1
202300000130;;;;;;;;;;;;;;;155 680 323;B01;2;;Sans objet;Véhicule;1;1;1;;Route Départementale;464;0;;2;2;0;2;70;491;1;;5,5;Flaques;Carrefour aménagé;1;70;203 850 875;155 680 323;B01;1;Conducteur;Tué;Masculin;2004;1;2; -1; -1;0;0; -1
202300000130;;;;;;;;;;;;;;;155 680 323;B01;2;;Sans objet;Véhicule;1;1;1;;Route Départementale;538;0;;2;2;0;2;0;0;1;;5,5;Flaques;Carrefour aménagé;1;70;203 850 870;155 680 321;A01;1;Conducteur;Indemne;Masculin;1964;4;1; -1; -1;0;0; -1
202300000130;;;;;;;;;;;;;;;155 680 323;B01;2;;Sans objet;Véhicule;1;1;1;;Route Départementale;538;0;;2;2;0;2;0;0;1;;5,5;Flaques;Carrefour aménagé;1;70;203 850 872;155 680 321;A01;2;Passager;Indemne;Masculin;1986;4;1; -1; -1;0;0; -1
202300000130;;;;;;;;;;;;;;;155 680 323;B01;2;;Sans objet;Véhicule;1;1;1;;Route Départementale;538;0;;2;2;0;2;0;0;1;;5,5;Flaques;Carrefour aménagé;1;70;203 850 875;155 680 323;B01;1;Conducteur;Tué;Masculin;2004;1;2; -1; -1;0;0; -1
202300000131;;;;;;;;;;;;;;;155 680 319;A01;0;;Sans objet;Aucun;0;1;1;;Voie Communale;;0;;2;2;0;1; -1; -1;1;; -1;Normale;Aucun;1;30;203 850 869;155 680 319;A01;1;Conducteur;Blessé léger;Masculin;1954;0;2;6; -1;0;0; -1
202300000132;;;;;;;;;;;;;;;155 680 320;A01;1;;Sans objet;Véhicule;2;5;1;;Route Départementale;ATHERBEA (AVENUE);0;;2;2;3;4;18;200;1;;5,5;Normale;Aucun;6;50;203 850 871;155 680 320;A01;2;Passager;Blessé léger;Masculin;2005;5;2;6; -1; -1; -1; -1
202300000132;;;;;;;;;;;;;;;155 680 320;A01;1;;Sans objet;Véhicule;2;5;1;;Route Départementale;ATHERBEA (AVENUE);0;;2;2;3;4;18;200;1;;5,5;Normale;Aucun;6;50;203 850 873;155 680 320;A01;1;Conducteur;Blessé hospitalisé;Masculin;2002;5;2;6; -1; -1; -1; -1
202300000132;;;;;;;;;;;;;;;155 680 320;A01;1;;Sans objet;Véhicule;2;5;1;;Route Départementale;ATHERBEA (AVENUE);0;;2;2;3;4;18;200;1;;5,5;Normale;Aucun;6;50;203 850 877;155 680 324;B01;1;Conducteur;Indemne;Masculin;1961;4;1;0; -1; -1; -1; -1
202300000132;;;;;;;;;;;;;;;155 680 320;A01;1;;Sans objet;Véhicule;2;5;1;;Route Départementale;ATHERBEA (AVENUE);0;;2;2;3;4;18;200;1;;5,5;Normale;Aucun;6;50;203 850 879;155 680 324;B01;6;Passager;Indemne;Masculin;1977;4;1;0; -1; -1; -1; -1
202300000132;;;;;;;;;;;;;;;155 680 324;B01;2;VU seul;Sans objet;Véhicule;3;16;1;;Route Départementale;ATHERBEA (AVENUE);0;;2;2;3;4;18;200;1;;5,5;Normale;Aucun;6;50;203 850 871;155 680 320;A01;2;Passager;Blessé léger;Masculin;2005;5;2;6; -1; -1; -1; -1
202300000132;;;;;;;;;;;;;;;155 680 324;B01;2;VU seul;Sans objet;Véhicule;3;16;1;;Route Départementale;ATHERBEA (AVENUE);0;;2;2;3;4;18;200;1;;5,5;Normale;Aucun;6;50;203 850 873;155 680 320;A01;1;Conducteur;Blessé hospitalisé;Masculin;2002;5;2;6; -1; -1; -1; -1
202300000132;;;;;;;;;;;;;;;155 680 324;B01;2;VU seul;Sans objet;Véhicule;3;16;1;;Route Départementale;ATHERBEA (AVENUE);0;;2;2;3;4;18;200;1;;5,5;Normale;Aucun;6;50;203 850 877;155 680 324;B01;1;Conducteur;Indemne;Masculin;1961;4;1;0; -1; -1; -1; -1
202300000132;;;;;;;;;;;;;;;155 680 324;B01;2;VU seul;Sans objet;Véhicule;3;16;1;;Route Départementale;ATHERBEA (AVENUE);0;;2;2;3;4;18;200;1;;5,5;Normale;Aucun;6;50;203 850 879;155 680 324;B01;6;Passager;Indemne;Masculin;1977;4;1;0; -1; -1; -1; -1
202300000133;;;;;;;;;;;;;;;155 680 318;A01;1;;Arbre;Aucun;8;1;1;;Voie Communale;; -1;; -1;2;0;1; -1; -1;2;; -1;Mouillée;Aucun;3;80;203 850 868;155 680 318;A01;1;Conducteur;Blessé hospitalisé;Masculin;1979;1;1; -1; -1;0;0; -1
202300000134;;;;;;;;;;;;;;;155 680 316;A01;2;;Sans objet;Piéton;3;1;1;;Voie Communale;; -1;;2;2;0;1; -1; -1;1;; -1;Normale;Aucun;1;30;203 850 865;155 680 316;A01;1;Conducteur;Indemne;Masculin;1967;5;1; -1; -1;0;0; -1
202300000134;;;;;;;;;;;;;;;155 680 316;A01;2;;Sans objet;Piéton;3;1;1;;Voie Communale;; -1;;2;2;0;1; -1; -1;1;; -1;Normale;Aucun;1;30;203 850 866;155 680 316;A01;10;Piéton;Blessé hospitalisé;Masculin;2019;5;0; -1; -1;1;3;2
202300000135;;;;;;;;;;;;;;;155 680 315;B01;2;VU seul;Sans objet;Véhicule;1;1;1;;Route nationale;Route Nationale 31;0;;2;2;0;1;90;0;2;; -1;Mouillée;Aucun;1;80;203 850 864;155 680 315;B01;1;Conducteur;Blessé léger;Masculin;1995;4;1;0; -1; -1; -1; -1
202300000135;;;;;;;;;;;;;;;155 680 315;B01;2;VU seul;Sans objet;Véhicule;1;1;1;;Route nationale;Route Nationale 31;0;;2;2;0;1;90;0;2;; -1;Mouillée;Aucun;1;80;203 850 867;155 680 317;A01;1;Conducteur;Blessé léger;Féminin;1988;0;1;0; -1; -1; -1; -1
202300000135;;;;;;;;;;;;;;;155 680 317;A01;1;;Sans objet;Véhicule;1;13;1;;Route nationale;Route Nationale 31;0;;2;2;0;1;90;0;2;; -1;Mouillée;Aucun;1;80;203 850 864;155 680 315;B01;1;Conducteur;Blessé léger;Masculin;1995;4;1;0; -1; -1; -1; -1
202300000135;;;;;;;;;;;;;;;155 680 317;A01;1;;Sans objet;Véhicule;1;13;1;;Route nationale;Route Nationale 31;0;;2;2;0;1;90;0;2;; -1;Mouillée;Aucun;1;80;203 850 867;155 680 317;A01;1;Conducteur;Blessé léger;Féminin;1988;0;1;0; -1; -1; -1; -1
202300000136;;;;;;;;;;;;;;;155 680 313;A01;2;;Sans objet;Véhicule;1;5;1;;Route Départementale;951;0;;2;2;0;2;25;0;3;;7;Mouillée;Aucun;1;90;203 850 861;155 680 313;A01;1;Conducteur;Tué;Masculin;1947;9;1; -1; -1;0;0; -1
202300000136;;;;;;;;;;;;;;;155 680 313;A01;2;;Sans objet;Véhicule;1;5;1;;Route Départementale;951;0;;2;2;0;2;25;0;3;;7;Mouillée;Aucun;1;90;203 850 862;155 680 313;A01;2;Passager;Tué;Féminin;1951;9;1; -1; -1;0;0; -1
202300000136;;;;;;;;;;;;;;;155 680 313;A01;2;;Sans objet;Véhicule;1;5;1;;Route Départementale;951;0;;2;2;0;2;25;0;3;;7;Mouillée;Aucun;1;90;203 850 863;155 680 314;B01;1;Conducteur;Indemne;Masculin;1980;4;1; -1; -1;0;0; -1
202300000136;;;;;;;;;;;;;;;155 680 314;B01;1;;Sans objet;Véhicule;1;1;1;;Route Départementale;951;0;;2;2;0;2;25;0;3;;7;Mouillée;Aucun;1;90;203 850 861;155 680 313;A01;1;Conducteur;Tué;Masculin;1947;9;1; -1; -1;0;0; -1
202300000136;;;;;;;;;;;;;;;155 680 314;B01;1;;Sans objet;Véhicule;1;1;1;;Route Départementale;951;0;;2;2;0;2;25;0;3;;7;Mouillée;Aucun;1;90;203 850 862;155 680 313;A01;2;Passager;Tué;Féminin;1951;9;1; -1; -1;0;0; -1
202300000136;;;;;;;;;;;;;;;155 680 314;B01;1;;Sans objet;Véhicule;1;1;1;;Route Départementale;951;0;;2;2;0;2;25;0;3;;7;Mouillée;Aucun;1;90;203 850 863;155 680 314;B01;1;Conducteur;Indemne;Masculin;1980;4;1; -1; -1;0;0; -1
202300000137;;;;;;;;;;;;;;;155 680 310;A01;1;;Sans objet;;2;1;0;;Route Départementale;111; -1;;2;2;0;1;1;300;1;;5;Mouillée;Aucun;1;80;203 850 854;155 680 310;A01;1;Conducteur;Indemne;Féminin;1937;0;1; -1; -1;0;0; -1
202300000137;;;;;;;;;;;;;;;155 680 310;A01;1;;Sans objet;;2;1;0;;Route Départementale;111; -1;;2;2;0;1;1;300;1;;5;Mouillée;Aucun;1;80;203 850 855;155 680 311;B01;1;Conducteur;Blessé hospitalisé;Masculin;1980;1;0; -1; -1;0;0; -1
202300000137;;;;;;;;;;;;;;;155 680 311;B01;1;;Sans objet;Véhicule;4;1;3;;Route Départementale;111; -1;;2;2;0;1;1;300;1;;5;Mouillée;Aucun;1;80;203 850 854;155 680 310;A01;1;Conducteur;Indemne;Féminin;1937;0;1; -1; -1;0;0; -1
202300000137;;;;;;;;;;;;;;;155 680 311;B01;1;;Sans objet;Véhicule;4;1;3;;Route Départementale;111; -1;;2;2;0;1;1;300;1;;5;Mouillée;Aucun;1;80;203 850 855;155 680 311;B01;1;Conducteur;Blessé hospitalisé;Masculin;1980;1;0; -1; -1;0;0; -1
202300000138;;;;;;;;;;;;;;;155 680 309;A01;1;;Sans objet;Véhicule;1;0;1;;Voie Communale;CARTIGNY (RUE DE);0;;2;2;0;1; -1; -1;1;; -1;Normale;Aucun;1;50;203 850 851;155 680 309;A01;1;Conducteur;Indemne;;; -1; -1; -1; -1; -1; -1; -1
202300000138;;;;;;;;;;;;;;;155 680 309;A01;1;;Sans objet;Véhicule;1;0;1;;Voie Communale;CARTIGNY (RUE DE);0;;2;2;0;1; -1; -1;1;; -1;Normale;Aucun;1;50;203 850 852;155 680 309;A01;2;Passager;Blessé léger;Masculin;2007;5;1;8; -1; -1; -1; -1
202300000138;;;;;;;;;;;;;;;155 680 309;A01;1;;Sans objet;Véhicule;1;0;1;;Voie Communale;CARTIGNY (RUE DE);0;;2;2;0;1; -1; -1;1;; -1;Normale;Aucun;1;50;203 850 853;155 680 309;A01;3;Passager;Blessé léger;Masculin;2007;5;8;0; -1; -1; -1; -1
202300000138;;;;;;;;;;;;;;;155 680 309;A01;1;;Sans objet;Véhicule;1;0;1;;Voie Communale;CARTIGNY (RUE DE);0;;2;2;0;1; -1; -1;1;; -1;Normale;Aucun;1;50;203 850 856;155 680 312;B01;3;Passager;Indemne;Masculin;2007;5;1;8; -1; -1; -1; -1
202300000138;;;;;;;;;;;;;;;155 680 309;A01;1;;Sans objet;Véhicule;1;0;1;;Voie Communale;CARTIGNY (RUE DE);0;;2;2;0;1; -1; -1;1;; -1;Normale;Aucun;1;50;203 850 857;155 680 312;B01;1;Conducteur;Indemne;Masculin;2004;5;1;8; -1; -1; -1; -1
202300000138;;;;;;;;;;;;;;;155 680 309;A01;1;;Sans objet;Véhicule;1;0;1;;Voie Communale;CARTIGNY (RUE DE);0;;2;2;0;1; -1; -1;1;; -1;Normale;Aucun;1;50;203 850 858;155 680 312;B01;5;Passager;Indemne;Masculin;2008;5;1;0; -1; -1; -1; -1
202300000138;;;;;;;;;;;;;;;155 680 309;A01;1;;Sans objet;Véhicule;1;0;1;;Voie Communale;CARTIGNY (RUE DE);0;;2;2;0;1; -1; -1;1;; -1;Normale;Aucun;1;50;203 850 859;155 680 312;B01;2;Passager;Indemne;Masculin;1990;5;1;0; -1; -1; -1; -1
202300000138;;;;;;;;;;;;;;;155 680 309;A01;1;;Sans objet;Véhicule;1;0;1;;Voie Communale;CARTIGNY (RUE DE);0;;2;2;0;1; -1; -1;1;; -1;Normale;Aucun;1;50;203 850 860;155 680 312;B01;4;Passager;Indemne;Masculin;2008;5;1;0; -1; -1; -1; -1
202300000138;;;;;;;;;;;;;;;155 680 309;A01;1;;Sans objet;Véhicule;1;0;1;;Voie Communale;; -1;;2; -1; -1;1; -1; -1;1;; -1;Normale;Aucun;1; -1;203 850 851;155 680 309;A01;1;Conducteur;Indemne;;; -1; -1; -1; -1; -1; -1; -1
202300000138;;;;;;;;;;;;;;;155 680 309;A01;1;;Sans objet;Véhicule;1;0;1;;Voie Communale;; -1;;2; -1; -1;1; -1; -1;1;; -1;Normale;Aucun;1; -1;203 850 852;155 680 309;A01;2;Passager;Blessé léger;Masculin;2007;5;1;8; -1; -1; -1; -1
202300000138;;;;;;;;;;;;;;;155 680 309;A01;1;;Sans objet;Véhicule;1;0;1;;Voie Communale;; -1;;2; -1; -1;1; -1; -1;1;; -1;Normale;Aucun;1; -1;203 850 853;155 680 309;A01;3;Passager;Blessé léger;Masculin;2007;5;8;0; -1; -1; -1; -1
202300000138;;;;;;;;;;;;;;;155 680 309;A01;1;;Sans objet;Véhicule;1;0;1;;Voie Communale;; -1;;2; -1; -1;1; -1; -1;1;; -1;Normale;Aucun;1; -1;203 850 856;155 680 312;B01;3;Passager;Indemne;Masculin;2007;5;1;8; -1; -1; -1; -1
202300000138;;;;;;;;;;;;;;;155 680 309;A01;1;;Sans objet;Véhicule;1;0;1;;Voie Communale;; -1;;2; -1; -1;1; -1; -1;1;; -1;Normale;Aucun;1; -1;203 850 857;155 680 312;B01;1;Conducteur;Indemne;Masculin;2004;5;1;8; -1; -1; -1; -1