accident_id;day;month;year;time;lighting;department;municipality;urban_location;intersection;weather;collision_type;address;latitude;longitude;vehicle_id_x;vehicle_num_x;travel_direction;vehicle_category;fixed_obstacle;mobile_obstacle;initial_impact;maneuver;motor_type;passenger_count;road_category;road_name;road_num_index;road_letter_index;traffic_direction;lane_count;reserved_lane;road_profile;reference_point;distance_to_ref;road_layout;central_reservation_width;road_width;surface_condition;infrastructure;accident_location;speed_limit;user_id;vehicle_id_y;vehicle_num_y;user_position;user_category;injury_severity;gender;birth_year;trip_purpose;safety_equipment_1;safety_equipment_2;safety_equipment_3;pedestrian_location;pedestrian_action;pedestrian_state
202300000170;;;;;;;;;;;;;;;155 680 252;B01;1;;Sans objet;Véhicule;6;15;1;;Voie Communale;AMPERE;0;;2;3;3;1; -1; -1;1;; -1;Normale;Aucun;1;50;203 850 784;155 680 254;A01;1;Conducteur;Blessé léger;Masculin;1970;1;2;6; -1;0;0; -1
202300000170;;;;;;;;;;;;;;;155 680 254;A01;1;;Sans objet;Véhicule;6;17;1;;Voie Communale;AMPERE;0;;2;3;3;1; -1; -1;1;; -1;Normale;Aucun;1;50;203 850 781;155 680 252;B01;1;Conducteur;Indemne;Masculin;1937;3;1;0; -1;0;0; -1
202300000170;;;;;;;;;;;;;;;155 680 254;A01;1;;Sans objet;Véhicule;6;17;1;;Voie Communale;AMPERE;0;;2;3;3;1; -1; -1;1;; -1;Normale;Aucun;1;50;203 850 784;155 680 254;A01;1;Conducteur;Blessé léger;Masculin;1970;1;2;6; -1;0;0; -1
202300000171;;;;;;;;;;;;;;;155 680 253;A01;1;;Sans objet;Piéton;2;1;1;;;996; -1;;2;2;0;1; -1; -1;1;;5,5;Mouillée;Aucun;1;50;203 850 782;155 680 253;A01;10;Piéton;Blessé hospitalisé;Féminin;2006;2;0; -1; -1;4;3;2
202300000171;;;;;;;;;;;;;;;155 680 253;A01;1;;Sans objet;Piéton;2;1;1;;;996; -1;;2;2;0;1; -1; -1;1;;5,5;Mouillée;Aucun;1;50;203 850 783;155 680 253;A01;1;Conducteur;Indemne;Masculin;1963;5;1; -1; -1;0;0; -1
202300000172;;;;;;;;;;;;;;;155 680 250;A01;1;;Sans objet;Véhicule;1;1;1;;Voie Communale;SAINT FERREOL (RUE)      2 A 62;0;; -1;1;3;1; -1; -1;1;; -1;Normale;;1;30;203 850 778;155 680 250;A01;1;Conducteur;Indemne;Masculin;2006;0;2;8; -1; -1; -1; -1
202300000172;;;;;;;;;;;;;;;155 680 250;A01;1;;Sans objet;Véhicule;1;1;1;;Voie Communale;SAINT FERREOL (RUE)      2 A 62;0;; -1;1;3;1; -1; -1;1;; -1;Normale;;1;30;203 850 780;155 680 251;B01;1;Conducteur;Blessé hospitalisé;Masculin;1988;0;2;0; -1; -1; -1; -1
202300000172;;;;;;;;;;;;;;;155 680 251;B01;0;;Sans objet;Aucun;0;0;5;;Voie Communale;SAINT FERREOL (RUE)      2 A 62;0;; -1;1;3;1; -1; -1;1;; -1;Normale;;1;30;203 850 778;155 680 250;A01;1;Conducteur;Indemne;Masculin;2006;0;2;8; -1; -1; -1; -1
202300000172;;;;;;;;;;;;;;;155 680 251;B01;0;;Sans objet;Aucun;0;0;5;;Voie Communale;SAINT FERREOL (RUE)      2 A 62;0;; -1;1;3;1; -1; -1;1;; -1;Normale;;1;30;203 850 780;155 680 251;B01;1;Conducteur;Blessé hospitalisé;Masculin;1988;0;2;0; -1; -1; -1; -1
202300000173;;;;;;;;;;;;;;;155 680 249;A01;1;;Arbre;Aucun;2;1;0;;Route Départementale;5;0;D;2;2;0;2;31;100;2;;7;Mouillée;Aucun;3;90;203 850 779;155 680 249;A01;1;Conducteur;Blessé hospitalisé;Féminin;1957;0;8; -1; -1;0;0; -1
202300000174;;;;;;;;;;;;;;;155 680 247;A01;2;VU seul;Sans objet;Véhicule;1;15;0;;Voie Communale;DAMES (BOULEVARD DES);0;;2;2;0;1;0;0;1;; -1;Normale;Aucun;1;50;203 850 776;155 680 247;A01;1;Conducteur;Indemne;Masculin;1962;9;1;0; -1; -1; -1; -1
202300000174;;;;;;;;;;;;;;;155 680 247;A01;2;VU seul;Sans objet;Véhicule;1;15;0;;Voie Communale;DAMES (BOULEVARD DES);0;;2;2;0;1;0;0;1;; -1;Normale;Aucun;1;50;203 850 777;155 680 248;B01;1;Conducteur;Blessé hospitalisé;Masculin;1952;0;2;0; -1; -1; -1; -1
202300000174;;;;;;;;;;;;;;;155 680 247;A01;2;VU seul;Sans objet;Véhicule;1;15;0;;Voie Communale;ROBERT SCHUMANN (AVENUE);0;;2;1;0;1;0;0;1;; -1;Normale;Aucun;1;50;203 850 776;155 680 247;A01;1;Conducteur;Indemne;Masculin;1962;9;1;0; -1; -1; -1; -1
202300000174;;;;;;;;;;;;;;;155 680 247;A01;2;VU seul;Sans objet;Véhicule;1;15;0;;Voie Communale;ROBERT SCHUMANN (AVENUE);0;;2;1;0;1;0;0;1;; -1;Normale;Aucun;1;50;203 850 777;155 680 248;B01;1;Conducteur;Blessé hospitalisé;Masculin;1952;0;2;0; -1; -1; -1; -1
202300000174;;;;;;;;;;;;;;;155 680 248;B01;2;;Sans objet;Véhicule;1;1;0;;Voie Communale;DAMES (BOULEVARD DES);0;;2;2;0;1;0;0;1;; -1;Normale;Aucun;1;50;203 850 776;155 680 247;A01;1;Conducteur;Indemne;Masculin;1962;9;1;0; -1; -1; -1; -1
202300000174;;;;;;;;;;;;;;;155 680 248;B01;2;;Sans objet;Véhicule;1;1;0;;Voie Communale;DAMES (BOULEVARD DES);0;;2;2;0;1;0;0;1;; -1;Normale;Aucun;1;50;203 850 777;155 680 248;B01;1;Conducteur;Blessé hospitalisé;Masculin;1952;0;2;0; -1; -1; -1; -1
202300000174;;;;;;;;;;;;;;;155 680 248;B01;2;;Sans objet;Véhicule;1;1;0;;Voie Communale;ROBERT SCHUMANN (AVENUE);0;;2;1;0;1;0;0;1;; -1;Normale;Aucun;1;50;203 850 776;155 680 247;A01;1;Conducteur;Indemne;Masculin;1962;9;1;0; -1; -1; -1; -1
202300000174;;;;;;;;;;;;;;;155 680 248;B01;2;;Sans objet;Véhicule;1;1;0;;Voie Communale;ROBERT SCHUMANN (AVENUE);0;;2;1;0;1;0;0;1;; -1;Normale;Aucun;1;50;203 850 777;155 680 248;B01;1;Conducteur;Blessé hospitalisé;Masculin;1952;0;2;0; -1; -1; -1; -1
202300000175;;;;;;;;;;;;;;;155 680 245;A01;2;;Sans objet;Véhicule;7;17;1;;Route Départementale;1084;0;A;2;3;0;1;1;300;1;;7;Mouillée;Aucun;1;80;203 850 774;155 680 245;A01;1;Conducteur;Blessé hospitalisé;Masculin;1969;9;0; -1; -1;0;0; -1
202300000175;;;;;;;;;;;;;;;155 680 245;A01;2;;Sans objet;Véhicule;7;17;1;;Route Départementale;1084;0;A;2;3;0;1;1;300;1;;7;Mouillée;Aucun;1;80;203 850 775;155 680 246;B01;1;Conducteur;Blessé léger;Masculin;1995;4;1; -1; -1;0;0; -1
202300000175;;;;;;;;;;;;;;;155 680 246;B01;1;;Sans objet;Véhicule;1;1;1;;Route Départementale;1084;0;A;2;3;0;1;1;300;1;;7;Mouillée;Aucun;1;80;203 850 774;155 680 245;A01;1;Conducteur;Blessé hospitalisé;Masculin;1969;9;0; -1; -1;0;0; -1
202300000175;;;;;;;;;;;;;;;155 680 246;B01;1;;Sans objet;Véhicule;1;1;1;;Route Départementale;1084;0;A;2;3;0;1;1;300;1;;7;Mouillée;Aucun;1;80;203 850 775;155 680 246;B01;1;Conducteur;Blessé léger;Masculin;1995;4;1; -1; -1;0;0; -1
202300000176;;;;;;;;;;;;;;;155 680 244;A01;2;;Sans objet;Piéton;2;1;1;;Voie Communale;MICHELET (BOULEVARD);0;;1;1;0;1;0;0;1;; -1;Normale;Aucun;1;50;203 850 772;155 680 244;A01;10;Piéton;Blessé hospitalisé;Masculin;1969;0;0; -1; -1;6;9;1
202300000176;;;;;;;;;;;;;;;155 680 244;A01;2;;Sans objet;Piéton;2;1;1;;Voie Communale;MICHELET (BOULEVARD);0;;1;1;0;1;0;0;1;; -1;Normale;Aucun;1;50;203 850 773;155 680 244;A01;1;Conducteur;Blessé léger;Masculin;2000;0;2;8; -1; -1; -1; -1
202300000177;;;;;;;;;;;;;;;155 680 242;A01;1;;Sans objet;Véhicule;1;3;1;;Voie Communale;BERNABO (Bd);0;;2;2;0;1;0;0;1;; -1;Normale;Aucun;1;50;203 850 769;155 680 242;A01;1;Conducteur;Blessé léger;Féminin;1993;0;2;0; -1; -1; -1; -1
202300000177;;;;;;;;;;;;;;;155 680 242;A01;1;;Sans objet;Véhicule;1;3;1;;Voie Communale;BERNABO (Bd);0;;2;2;0;1;0;0;1;; -1;Normale;Aucun;1;50;203 850 771;155 680 243;B01;1;Conducteur;Indemne;Masculin;1989;0;1;0; -1; -1; -1; -1
202300000177;;;;;;;;;;;;;;;155 680 242;A01;1;;Sans objet;Véhicule;1;3;1;;Voie Communale;CHEMIN DU LITTORAL (CHEMIN DU);0;;2;3;0;1;0;0;1;; -1;Normale;Aucun;1;50;203 850 769;155 680 242;A01;1;Conducteur;Blessé léger;Féminin;1993;0;2;0; -1; -1; -1; -1
202300000177;;;;;;;;;;;;;;;155 680 242;A01;1;;Sans objet;Véhicule;1;3;1;;Voie Communale;CHEMIN DU LITTORAL (CHEMIN DU);0;;2;3;0;1;0;0;1;; -1;Normale;Aucun;1;50;203 850 771;155 680 243;B01;1;Conducteur;Indemne;Masculin;1989;0;1;0; -1; -1; -1; -1
202300000177;;;;;;;;;;;;;;;155 680 243;B01;1;;Sans objet;Véhicule;3;15;1;;Voie Communale;BERNABO (Bd);0;;2;2;0;1;0;0;1;; -1;Normale;Aucun;1;50;203 850 769;155 680 242;A01;1;Conducteur;Blessé léger;Féminin;1993;0;2;0; -1; -1; -1; -1
202300000177;;;;;;;;;;;;;;;155 680 243;B01;1;;Sans objet;Véhicule;3;15;1;;Voie Communale;BERNABO (Bd);0;;2;2;0;1;0;0;1;; -1;Normale;Aucun;1;50;203 850 771;155 680 243;B01;1;Conducteur;Indemne;Masculin;1989;0;1;0; -1; -1; -1; -1
202300000177;;;;;;;;;;;;;;;155 680 243;B01;1;;Sans objet;Véhicule;3;15;1;;Voie Communale;CHEMIN DU LITTORAL (CHEMIN DU);0;;2;3;0;1;0;0;1;; -1;Normale;Aucun;1;50;203 850 769;155 680 242;A01;1;Conducteur;Blessé léger;Féminin;1993;0;2;0; -1; -1; -1; -1
202300000177;;;;;;;;;;;;;;;155 680 243;B01;1;;Sans objet;Véhicule;3;15;1;;Voie Communale;CHEMIN DU LITTORAL (CHEMIN DU);0;;2;3;0;1;0;0;1;; -1;Normale;Aucun;1;50;203 850 771;155 680 243;B01;1;Conducteur;Indemne;Masculin;1989;0;1;0; -1; -1; -1; -1
202300000178;;;;;;;;;;;;;;;155 680 241;A01;1;;Véhicule en stationnement;Aucun;1;1;1;;Route Départementale;D4; -1;;2;2;0;1;3;950;1;;5,5;Normale;;1;50;203 850 770;155 680 241;A01;1;Conducteur;Blessé hospitalisé;Masculin;1983;5;2; -1; -1;0;0; -1
202300000179;;;;;;;;;;;;;;;155 680 239;A01;2;;Sans objet;Piéton;1;1;1;;Voie Communale;;0;;2;0;0;2; -1; -1;1;; -1;Normale;Aucun;1;50;203 850 765;155 680 239;A01;1;Conducteur;Indemne;Masculin;1991;2;1;8; -1; -1; -1; -1
202300000179;;;;;;;;;;;;;;;155 680 239;A01;2;;Sans objet;Piéton;1;1;1;;Voie Communale;;0;;2;0;0;2; -1; -1;1;; -1;Normale;Aucun;1;50;203 850 767;155 680 239;A01;2;Passager;Indemne;Féminin;1988;2;1;0; -1; -1; -1; -1
202300000179;;;;;;;;;;;;;;;155 680 239;A01;2;;Sans objet;Piéton;1;1;1;;Voie Communale;;0;;2;0;0;2; -1; -1;1;; -1;Normale;Aucun;1;50;203 850 768;155 680 239;A01;10;Piéton;Blessé léger;Masculin;2014;2;0; -1; -1;2;3;2
202300000180;;;;;;;;;;;;;;;155 680 238;A01;3;;;Aucun;8;1;1;;Voie Communale;; -1;;2;2;0;1; -1; -1;1;; -1;Normale;Aucun;1;50;203 850 764;155 680 238;A01;1;Conducteur;Blessé léger;Masculin;2007;5;2; -1; -1;0;0; -1
202300000180;;;;;;;;;;;;;;;155 680 238;A01;3;;;Aucun;8;1;1;;Voie Communale;; -1;;2;2;0;1; -1; -1;1;; -1;Normale;Aucun;1;50;203 850 766;155 680 240;B01;1;Conducteur;Indemne;Masculin;1992;5;1; -1; -1;0;0; -1
202300000180;;;;;;;;;;;;;;;155 680 240;B01;3;;Sans objet;Aucun;2;1;1;;Voie Communale;; -1;;2;2;0;1; -1; -1;1;; -1;Normale;Aucun;1;50;203 850 764;155 680 238;A01;1;Conducteur;Blessé léger;Masculin;2007;5;2; -1; -1;0;0; -1
202300000180;;;;;;;;;;;;;;;155 680 240;B01;3;;Sans objet;Aucun;2;1;1;;Voie Communale;; -1;;2;2;0;1; -1; -1;1;; -1;Normale;Aucun;1;50;203 850 766;155 680 240;B01;1;Conducteur;Indemne;Masculin;1992;5;1; -1; -1;0;0; -1
202300000181;;;;;;;;;;;;;;;155 680 237;A01;1;VU seul;;Aucun;1;1;1;;Voie Communale;D619;0;;1;2;0;1; -1; -1;2;; -1;Normale;Carrefour aménagé;8;50;203 850 763;155 680 237;A01;1;Conducteur;Blessé hospitalisé;Féminin;1941;5;1;0; -1; -1; -1; -1
202300000181;;;;;;;;;;;;;;;155 680 237;A01;1;VU seul;;Aucun;1;1;1;;Voie Communale;ROUTE DE BOURANTON (D147);0;; -1;2;0;1; -1; -1;1;; -1;Normale;Aucun;3;50;203 850 763;155 680 237;A01;1;Conducteur;Blessé hospitalisé;Féminin;1941;5;1;0; -1; -1; -1; -1
202300000182;;;;;;;;;;;;;;;155 680 235;A01;3;;Sans objet;;2;16;1;;Route Départementale;FORGES (RUE DES);0;;2;2;0;1; -1; -1;1;; -1;Normale;Aucun;1;50;203 850 758;155 680 235;A01;1;Conducteur;Indemne;Masculin;1959;5;1;0; -1; -1; -1; -1
202300000182;;;;;;;;;;;;;;;155 680 235;A01;3;;Sans objet;;2;16;1;;Route Départementale;FORGES (RUE DES);0;;2;2;0;1; -1; -1;1;; -1;Normale;Aucun;1;50;203 850 761;155 680 236;B01;1;Conducteur;Blessé hospitalisé;Féminin;2008;2;8;0; -1; -1; -1; -1
202300000182;;;;;;;;;;;;;;;155 680 235;A01;3;;Sans objet;;2;16;1;;Route Départementale;MARNE (AVENUE DE LA);0;;2;2;2;1;37;170;1;;5,5;Normale;Aucun;5;50;203 850 758;155 680 235;A01;1;Conducteur;Indemne;Masculin;1959;5;1;0; -1; -1; -1; -1
202300000182;;;;;;;;;;;;;;;155 680 235;A01;3;;Sans objet;;2;16;1;;Route Départementale;MARNE (AVENUE DE LA);0;;2;2;2;1;37;170;1;;5,5;Normale;Aucun;5;50;203 850 761;155 680 236;B01;1;Conducteur;Blessé hospitalisé;Féminin;2008;2;8;0; -1; -1; -1; -1
202300000182;;;;;;;;;;;;;;;155 680 236;B01;1;;Sans objet;Véhicule;3;0;3;;Route Départementale;FORGES (RUE DES);0;;2;2;0;1; -1; -1;1;; -1;Normale;Aucun;1;50;203 850 758;155 680 235;A01;1;Conducteur;Indemne;Masculin;1959;5;1;0; -1; -1; -1; -1
202300000182;;;;;;;;;;;;;;;155 680 236;B01;1;;Sans objet;Véhicule;3;0;3;;Route Départementale;FORGES (RUE DES);0;;2;2;0;1; -1; -1;1;; -1;Normale;Aucun;1;50;203 850 761;155 680 236;B01;1;Conducteur;Blessé hospitalisé;Féminin;2008;2;8;0; -1; -1; -1; -1
202300000182;;;;;;;;;;;;;;;155 680 236;B01;1;;Sans objet;Véhicule;3;0;3;;Route Départementale;MARNE (AVENUE DE LA);0;;2;2;2;1;37;170;1;;5,5;Normale;Aucun;5;50;203 850 758;155 680 235;A01;1;Conducteur;Indemne;Masculin;1959;5;1;0; -1; -1; -1; -1
202300000182;;;;;;;;;;;;;;;155 680 236;B01;1;;Sans objet;Véhicule;3;0;3;;Route Départementale;MARNE (AVENUE DE LA);0;;2;2;2;1;37;170;1;;5,5;Normale;Aucun;5;50;203 850 761;155 680 236;B01;1;Conducteur;Blessé hospitalisé;Féminin;2008;2;8;0; -1; -1; -1; -1
202300000183;;;;;;;;;;;;;;;155 680 234;A01;1;;Sans objet;Aucun;2;21;1;6;Route Départementale;15; -1;;2;2;0;1;36;150;1;;5;;Aucun;3;80;203 850 755;155 680 234;A01;4;Passager;Indemne;Féminin;2007;2;0; -1; -1;0;0; -1
202300000183;;;;;;;;;;;;;;;155 680 234;A01;1;;Sans objet;Aucun;2;21;1;6;Route Départementale;15; -1;;2;2;0;1;36;150;1;;5;;Aucun;3;80;203 850 756;155 680 234;A01;2;Passager;Blessé léger;Féminin;2007;2;0; -1; -1;0;0; -1
202300000183;;;;;;;;;;;;;;;155 680 234;A01;1;;Sans objet;Aucun;2;21;1;6;Route Départementale;15; -1;;2;2;0;1;36;150;1;;5;;Aucun;3;80;203 850 757;155 680 234;A01;5;Passager;Indemne;Féminin;2008;2;0; -1; -1;0;0; -1
202300000183;;;;;;;;;;;;;;;155 680 234;A01;1;;Sans objet;Aucun;2;21;1;6;Route Départementale;15; -1;;2;2;0;1;36;150;1;;5;;Aucun;3;80;203 850 759;155 680 234;A01;8;Passager;Indemne;Masculin;2009;2;0; -1; -1;0;0; -1
202300000183;;;;;;;;;;;;;;;155 680 234;A01;1;;Sans objet;Aucun;2;21;1;6;Route Départementale;15; -1;;2;2;0;1;36;150;1;;5;;Aucun;3;80;203 850 760;155 680 234;A01;9;Passager;Indemne;Masculin;2008;2;0; -1; -1;0;0; -1
202300000183;;;;;;;;;;;;;;;155 680 234;A01;1;;Sans objet;Aucun;2;21;1;6;Route Départementale;15; -1;;2;2;0;1;36;150;1;;5;;Aucun;3;80;203 850 762;155 680 234;A01;1;Conducteur;Indemne;Masculin;1995;4;1; -1; -1;0;0; -1
202300000184;;;;;;;;;;;;;;;155 680 232;B01;3;;Sans objet;Véhicule;1;1;1;;Voie Communale;VAUBAN (R. MARECHAL);0;;2;2;0;1;0;0;1;; -1;Normale;Aucun;1;50;203 850 753;155 680 232;B01;1;Conducteur;Blessé hospitalisé;Masculin;1977;0;2;6; -1;0;0; -1
202300000184;;;;;;;;;;;;;;;155 680 232;B01;3;;Sans objet;Véhicule;1;1;1;;Voie Communale;VAUBAN (R. MARECHAL);0;;2;2;0;1;0;0;1;; -1;Normale;Aucun;1;50;203 850 754;155 680 233;A01;1;Conducteur;Indemne;Masculin;1997;0;1; -1; -1;0;0; -1
202300000184;;;;;;;;;;;;;;;155 680 233;A01;3;;Sans objet;Véhicule;3;20;1;;Voie Communale;VAUBAN (R. MARECHAL);0;;2;2;0;1;0;0;1;; -1;Normale;Aucun;1;50;203 850 753;155 680 232;B01;1;Conducteur;Blessé hospitalisé;Masculin;1977;0;2;6; -1;0;0; -1
202300000184;;;;;;;;;;;;;;;155 680 233;A01;3;;Sans objet;Véhicule;3;20;1;;Voie Communale;VAUBAN (R. MARECHAL);0;;2;2;0;1;0;0;1;; -1;Normale;Aucun;1;50;203 850 754;155 680 233;A01;1;Conducteur;Indemne;Masculin;1997;0;1; -1; -1;0;0; -1
202300000185;;;;;;;;;;;;;;;155 680 230;A01;3;;;Aucun;1;1;1;;;RENOIR AVENUE AUGUSTE;0;;1;2;0;1;0;0;1;; -1;Normale;Aucun;1;50;203 850 750;155 680 230;A01;1;Conducteur;Blessé léger;Masculin;1952;0;2;6; -1;0;0; -1
202300000186;;;;;;;;;;;;;;;155 680 229;B01;3;;Sans objet;Véhicule;3;19;1;;Autoroute;A50-Sens Toulon vers Aubagne;0;; -1;2;0;1;27;0;1;;13,5;Normale;Aucun;1;50;203 850 749;155 680 229;B01;2;Passager;Blessé léger;Masculin;1995;1;1;0; -1; -1; -1; -1
202300000186;;;;;;;;;;;;;;;155 680 229;B01;3;;Sans objet;Véhicule;3;19;1;;Autoroute;A50-Sens Toulon vers Aubagne;0;; -1;2;0;1;27;0;1;;13,5;Normale;Aucun;1;50;203 850 751;155 680 229;B01;1;Conducteur;Blessé léger;Féminin;1974;1;1;0; -1; -1; -1; -1
202300000186;;;;;;;;;;;;;;;155 680 229;B01;3;;Sans objet;Véhicule;3;19;1;;Autoroute;A50-Sens Toulon vers Aubagne;0;; -1;2;0;1;27;0;1;;13,5;Normale;Aucun;1;50;203 850 752;155 680 231;A01;1;Conducteur;Indemne;Masculin;1950;5;1;0; -1; -1; -1; -1
202300000186;;;;;;;;;;;;;;;155 680 231;A01;3;;Sans objet;Véhicule;2;19;1;;Autoroute;A50-Sens Toulon vers Aubagne;0;; -1;2;0;1;27;0;1;;13,5;Normale;Aucun;1;50;203 850 749;155 680 229;B01;2;Passager;Blessé léger;Masculin;1995;1;1;0; -1; -1; -1; -1
202300000186;;;;;;;;;;;;;;;155 680 231;A01;3;;Sans objet;Véhicule;2;19;1;;Autoroute;A50-Sens Toulon vers Aubagne;0;; -1;2;0;1;27;0;1;;13,5;Normale;Aucun;1;50;203 850 751;155 680 229;B01;1;Conducteur;Blessé léger;Féminin;1974;1;1;0; -1; -1; -1; -1
202300000186;;;;;;;;;;;;;;;155 680 231;A01;3;;Sans objet;Véhicule;2;19;1;;Autoroute;A50-Sens Toulon vers Aubagne;0;; -1;2;0;1;27;0;1;;13,5;Normale;Aucun;1;50;203 850 752;155 680 231;A01;1;Conducteur;Indemne;Masculin;1950;5;1;0; -1; -1; -1; -1
202300000187;;;;;;;;;;;;;;;155 680 227;A01;2;;Sans objet;Véhicule;1;2;3;;Route Départementale;MONTAGNE (ROUTE DE LA);0;;2;2;0;2;5;150;4;; -1;Normale;Aucun;1;50;203 850 747;155 680 227;A01;1;Conducteur;Blessé léger;Masculin;1944;0;2;0; -1; -1; -1; -1
202300000187;;;;;;;;;;;;;;;155 680 227;A01;2;;Sans objet;Véhicule;1;2;3;;Route Départementale;MONTAGNE (ROUTE DE LA);0;;2;2;0;2;5;150;4;; -1;Normale;Aucun;1;50;203 850 748;155 680 228;B01;1;Conducteur;Indemne;Masculin;1992;1;1;0; -1; -1; -1; -1
202300000187;;;;;;;;;;;;;;;155 680 228;B01;2;;Sans objet;Véhicule;4;2;1;;Route Départementale;MONTAGNE (ROUTE DE LA);0;;2;2;0;2;5;150;4;; -1;Normale;Aucun;1;50;203 850 747;155 680 227;A01;1;Conducteur;Blessé léger;Masculin;1944;0;2;0; -1; -1; -1; -1
202300000187;;;;;;;;;;;;;;;155 680 228;B01;2;;Sans objet;Véhicule;4;2;1;;Route Départementale;MONTAGNE (ROUTE DE LA);0;;2;2;0;2;5;150;4;; -1;Normale;Aucun;1;50;203 850 748;155 680 228;B01;1;Conducteur;Indemne;Masculin;1992;1;1;0; -1; -1; -1; -1
202300000188;;;;;;;;;;;;;;;155 680 224;A01;2;Autre véhicule;Sans objet;Véhicule;4;1;1;;Autoroute;A50-Sens Aubagne vers Marseille;0;; -1;3;0;1;10;500;1;; -1;Normale;Aucun;1;90;203 850 744;155 680 224;A01;1;Conducteur;Blessé léger;Masculin;1966;0;1;0; -1; -1; -1; -1
202300000188;;;;;;;;;;;;;;;155 680 224;A01;2;Autre véhicule;Sans objet;Véhicule;4;1;1;;Autoroute;A50-Sens Aubagne vers Marseille;0;; -1;3;0;1;10;500;1;; -1;Normale;Aucun;1;90;203 850 746;155 680 226;B01;1;Conducteur;Indemne;Féminin;1979;0;1;0; -1; -1; -1; -1
202300000188;;;;;;;;;;;;;;;155 680 226;B01;2;;Sans objet;Véhicule;1;1;1;;Autoroute;A50-Sens Aubagne vers Marseille;0;; -1;3;0;1;10;500;1;; -1;Normale;Aucun;1;90;203 850 744;155 680 224;A01;1;Conducteur;Blessé léger;Masculin;1966;0;1;0; -1; -1; -1; -1
202300000188;;;;;;;;;;;;;;;155 680 226;B01;2;;Sans objet;Véhicule;1;1;1;;Autoroute;A50-Sens Aubagne vers Marseille;0;; -1;3;0;1;10;500;1;; -1;Normale;Aucun;1;90;203 850 746;155 680 226;B01;1;Conducteur;Indemne;Féminin;1979;0;1;0; -1; -1; -1; -1
202300000189;;;;;;;;;;;;;;;155 680 223;B01;1;;Sans objet;Véhicule;2;0;1;;Voie Communale;BERNARD (DU CAPITAINE);0;;2;2;0;1; -1; -1;1;; -1;Normale;Aucun;1;50;203 850 742;155 680 223;B01;1;Conducteur;Blessé hospitalisé;Féminin;2003;0;2;0; -1;0;0; -1
202300000189;;;;;;;;;;;;;;;155 680 223;B01;1;;Sans objet;Véhicule;2;0;1;;Voie Communale;BERNARD (DU CAPITAINE);0;;2;2;0;1; -1; -1;1;; -1;Normale;Aucun;1;50;203 850 743;155 680 223;B01;2;Passager;Blessé hospitalisé;Féminin;2004;0;2;0; -1;0;0; -1
202300000189;;;;;;;;;;;;;;;155 680 223;B01;1;;Sans objet;Véhicule;2;0;1;;Voie Communale;BERNARD (DU CAPITAINE);0;;2;2;0;1; -1; -1;1;; -1;Normale;Aucun;1;50;203 850 745;155 680 225;A01;1;Conducteur;Indemne;Masculin;1989;0;1;0; -1;0;0; -1
202300000189;;;;;;;;;;;;;;;155 680 225;A01;1;;Sans objet;Véhicule;3;0;1;;Voie Communale;BERNARD (DU CAPITAINE);0;;2;2;0;1; -1; -1;1;; -1;Normale;Aucun;1;50;203 850 742;155 680 223;B01;1;Conducteur;Blessé hospitalisé;Féminin;2003;0;2;0; -1;0;0; -1
202300000189;;;;;;;;;;;;;;;155 680 225;A01;1;;Sans objet;Véhicule;3;0;1;;Voie Communale;BERNARD (DU CAPITAINE);0;;2;2;0;1; -1; -1;1;; -1;Normale;Aucun;1;50;203 850 743;155 680 223;B01;2;Passager;Blessé hospitalisé;Féminin;2004;0;2;0; -1;0;0; -1
202300000189;;;;;;;;;;;;;;;155 680 225;A01;1;;Sans objet;Véhicule;3;0;1;;Voie Communale;BERNARD (DU CAPITAINE);0;;2;2;0;1; -1; -1;1;; -1;Normale;Aucun;1;50;203 850 745;155 680 225;A01;1;Conducteur;Indemne;Masculin;1989;0;1;0; -1;0;0; -1
202300000190;;;;;;;;;;;;;;;155 680 220;A01;1;;Sans objet;Véhicule;3;19;1;;Voie Communale;ARAGO (FRANCOIS);0;;2;2;0;1; -1; -1;1;; -1;Normale;Aucun;1;50;203 850 735;155 680 220;A01;1;Conducteur;Blessé hospitalisé;Masculin;1968;9;2;0; -1;0;0; -1
202300000190;;;;;;;;;;;;;;;155 680 220;A01;1;;Sans objet;Véhicule;3;19;1;;Voie Communale;ARAGO (FRANCOIS);0;;2;2;0;1; -1; -1;1;; -1;Normale;Aucun;1;50;203 850 739;155 680 221;B01;1;Conducteur;Indemne;Féminin;1986;2;1;0; -1;0;0; -1
202300000190;;;;;;;;;;;;;;;155 680 220;A01;1;;Sans objet;Véhicule;3;19;1;;Voie Communale;ARAGO (FRANCOIS);0;;2;2;0;1; -1; -1;1;; -1;Normale;Aucun;1;50;203 850 740;155 680 221;B01;4;Passager;Indemne;Masculin;2017;9;8;0; -1;0;0; -1